-- --------------------------------------------------------
-- 主机:                           127.0.0.1
-- 服务器版本:                        5.7.26-log - MySQL Community Server (GPL)
-- 服务器操作系统:                      Win64
-- HeidiSQL 版本:                  11.0.0.5919
-- --------------------------------------------------------

/*!40101 SET @OLD_CHARACTER_SET_CLIENT=@@CHARACTER_SET_CLIENT */;
/*!40101 SET NAMES utf8 */;
/*!50503 SET NAMES utf8mb4 */;
/*!40014 SET @OLD_FOREIGN_KEY_CHECKS=@@FOREIGN_KEY_CHECKS, FOREIGN_KEY_CHECKS=0 */;
/*!40101 SET @OLD_SQL_MODE=@@SQL_MODE, SQL_MODE='NO_AUTO_VALUE_ON_ZERO' */;

-- 导出  表 spark_store.spark_appinfo 结构
DROP TABLE IF EXISTS `spark_appinfo`;
CREATE TABLE IF NOT EXISTS `spark_appinfo` (
  `id` int(11) NOT NULL AUTO_INCREMENT,
  `category_id` int(11) NOT NULL COMMENT '所属分类',
  `name` varchar(255) COLLATE utf8mb4_unicode_ci NOT NULL COMMENT '应用名称',
  `pkgname` varchar(255) COLLATE utf8mb4_unicode_ci NOT NULL COMMENT '包名称',
  `version` varchar(255) COLLATE utf8mb4_unicode_ci NOT NULL COMMENT '版本号',
  `author` varchar(255) COLLATE utf8mb4_unicode_ci NOT NULL DEFAULT '未知' COMMENT '开发者',
  `contributor` varchar(255) COLLATE utf8mb4_unicode_ci NOT NULL DEFAULT '未知' COMMENT '投稿人',
  `website` varchar(255) COLLATE utf8mb4_unicode_ci NOT NULL DEFAULT '' COMMENT '应用官网',
  `path` varchar(500) COLLATE utf8mb4_unicode_ci NOT NULL COMMENT '文件下载路径',
  `size` varchar(50) COLLATE utf8mb4_unicode_ci NOT NULL DEFAULT '' COMMENT '大小',
  `icon` varchar(500) COLLATE utf8mb4_unicode_ci NOT NULL DEFAULT '' COMMENT '图标',
  `tags` varchar(500) COLLATE utf8mb4_unicode_ci NOT NULL DEFAULT '' COMMENT '标签',
  `more` text COLLATE utf8mb4_unicode_ci COMMENT '详细及描述',
  `app_status` tinyint(1) unsigned NOT NULL DEFAULT '1' COMMENT '应用状态; 0: 下架, 1:正常, 2:未审核',
  `order` int(11) NOT NULL DEFAULT '10000' COMMENT '排序',
  `created_at` timestamp NULL DEFAULT CURRENT_TIMESTAMP COMMENT '创建时间',
  `updated_at` timestamp NULL DEFAULT NULL COMMENT '最近一次修改时间',
  PRIMARY KEY (`id`),
  UNIQUE KEY `pkgname` (`pkgname`),
  KEY `category_id` (`category_id`)
) ENGINE=InnoDB AUTO_INCREMENT=326 DEFAULT CHARSET=utf8mb4 COLLATE=utf8mb4_unicode_ci COMMENT='应用信息表';

-- 正在导出表  spark_store.spark_appinfo 的数据：~325 rows (大约)
DELETE FROM `spark_appinfo`;
/*!40000 ALTER TABLE `spark_appinfo` DISABLE KEYS */;
INSERT INTO `spark_appinfo` (`id`, `category_id`, `name`, `pkgname`, `version`, `author`, `contributor`, `website`, `path`, `size`, `icon`, `tags`, `more`, `app_status`, `order`, `created_at`, `updated_at`) VALUES
	(1, 11, 'eDEX-UI 科幻模拟终端', 'edex-ui', '2.2.2', 'GitSquared', 'SiMoNe', 'https://github.com/GitSquared/edex-ui/releases', 'store/beautify/edex-ui/edex-ui_2.2.2_a2d_amd64.deb', '58.55 MB', 'https://examine-spark.oss-cn-shanghai.aliyuncs.com/icons/2020/09/24/a7410fa0-fe27-11ea-8c5f-552f01726f01.update', 'deepin;ubuntu;uos;a2d', '一款无以伦比的科幻终端界面', 1, 10000, '2020-10-29 10:32:35', NULL),
	(2, 11, 'Smartisan主题', 'smartisan', '1.0', 'Panasony', 'shenmo', ' ', 'store/beautify/smartisan/smartisan_1.0_amd64.deb', '6.22MB', '', 'deepin;uos;ubuntu', '锤粉福音', 1, 10000, '2020-10-29 10:32:35', NULL),
	(3, 11, 'volantes光标主题', 'volantes-cursors', '1.0', 'x-varlesh-x', 'sgb76', 'https://github.com/varlesh/volantes-cursors', 'store/beautify/volantes-cursors/volantes-cursors_1.0_amd64.deb', '80 KB', 'https://examine-spark.oss-cn-shanghai.aliyuncs.com/icons/2020/09/12/b7ef98f0-f4a7-11ea-b788-0980ec1a4056.png', 'deepin;uos;ubuntu', '一套具有飞行风格的经典光标', 1, 10000, '2020-10-29 10:32:35', NULL),
	(4, 11, 'blossom主题（精简包）', 'blossom', '1.0', 'Deepin', 'zty199', ' ', 'store/beautify/blossom/blossom_1.0_all.deb', '54.69KB', '', 'deepin;uos;ubuntu', 'blossom主题精简包依赖于官方bloom和bloom-dark主题，把启动器logo换回了deepin经典图标，添加了512×512分辨率的logo，保留了其他新图标样式。弥补强迫症患者对于 bloom-classic-dark 混合图标风格的不满。', 1, 10000, '2020-10-29 10:32:35', NULL),
	(5, 11, 'McMuse图标主题', 'McMuse-icons', '1.0', 'yeyushengfan258', 'sgb76', 'https://github.com/yeyushengfan258/McMuse-icon-theme', 'store/beautify/McMuse-icons/mcmuse-icons_1.0_amd64.deb', '3.21 MB', 'https://examine-spark.oss-cn-shanghai.aliyuncs.com/icons/2020/09/05/68401230-ef6b-11ea-b573-776f101a114d.update', 'deepin;uos;ubuntu', '一套多彩的仿MAC OS图标主题。换一套图标、换一个心情', 1, 10000, '2020-10-29 10:32:35', NULL),
	(6, 11, 'macosbigsur光标主题', 'macosbigsur-cursors', '1.0', 'Kaiz', 'sgb76', 'https://github.com/ful1e5/apple_cursor', 'store/beautify/macosbigsur-cursors/macosbigsur-cursors_1.0_amd64.deb', '2.97 MB', 'https://examine-spark.oss-cn-shanghai.aliyuncs.com/icons/2020/09/12/a9deb360-f4af-11ea-9122-a3803614310b.png', 'deepin;uos;ubuntu', '一套苹果系统BigSur的光标主题', 1, 10000, '2020-10-29 10:32:35', NULL),
	(7, 11, 'deepin 20风格fcitx皮肤', 'fcitx-ui-deepin-v20', '1:0.1-2', 'maicss', 'shenmo', ' ', 'store/beautify/fcitx-ui-deepin-v20/fcitx-ui-deepin-v20_all.deb', '134.36KB', '', 'deepin;uos;ubuntu', '让sunpinyin从此不同', 1, 10000, '2020-10-29 10:32:35', NULL),
	(8, 11, '一只动态壁纸', 'top.yzzi.wallpaper', '0.3beta', '一只科技菌', '一只科技菌', 'https://blog.yzzi.top', 'store/beautify/top.yzzi.wallpaper/top.yzzi.wallpaper_0.3beta_amd64', '46.07KB', '', 'ubuntu,dtk5', '一个动态壁纸加载工具，DTK界面哦', 1, 10000, '2020-10-29 10:32:35', NULL),
	(9, 11, 'OREO 蓝色光标', 'oreo-blue-cursors', '1.0', ' ', 'shenmo', ' ', 'store/beautify/oreo-blue-cursors/oreo_blue_cursors_1.0_amd64.deb', '50.22KB', '', 'deepin;uos;ubuntu', '非常好看的图标主题', 1, 10000, '2020-10-29 10:32:35', NULL),
	(10, 11, 'OREO 茶韵 光标主题', 'oreo-teal-cursors', '1.0', ' ', 'shenmo', ' ', 'store/beautify/oreo-teal-cursors/oreo_teal_cursors_1.0_amd64.deb', '51.91KB', '', 'deepin;uos;ubuntu', 'OREO 茶韵光标主题～', 1, 10000, '2020-10-29 10:32:35', NULL),
	(11, 11, '海洋风格图标主题', 'sea-icon-theme', '2020.04.13-1', ' ', 'panasony', ' ', 'store/beautify/sea-icon-theme/sea-icon-theme_2020.04.13-1_all.deb', '1.92MB', '', 'deepin;uos;ubuntu', '一款海洋风格的主题，为你平淡的生活增添一丝大海的气息～～～', 1, 10000, '2020-10-29 10:32:35', NULL),
	(12, 11, 'Tela-icons', 'tela-icons', '1.0', 'vinceliuice', 'sgb76', 'https://github.com/vinceliuice/Tela-icon-theme', 'store/beautify/tela-icons/tela-icons_1.0_amd64.deb', '2.02MB', '', 'deepin;uos;ubuntu', '一套平面的彩色设计图标主题', 1, 10000, '2020-10-29 10:32:36', NULL),
	(13, 11, 'Candy-icons', 'candy-icons', '1.0', 'eliverlara', 'sgb76', 'https://github.com/EliverLara/candy-icons', 'store/beautify/candy-icons/candy-icons_1.0_amd64.deb', '866.58KB', '', 'deepin;uos;ubuntu', '一套甜蜜的渐变图标主题', 1, 10000, '2020-10-29 10:32:36', NULL),
	(14, 11, '深度图标开机动画', 'plymouth-theme-deepin-ssd-tubiao', '0.0.1-1', '咸粽子', '咸粽子', 'https://gitee.com/XianZongzi/plymouth-theme-deepin-ssd-tubiao', 'store/beautify/plymouth-theme-deepin-ssd-tubiao/plymouth-theme-deepin-ssd-tubiao_0.0.1-1_all.deb', '27.45 KB', 'https://examine-spark.oss-cn-shanghai.aliyuncs.com/icons/2020/10/09/92a3e230-0a74-11eb-817c-892015e12177.png', 'deepin;community', '一个深度图形图标呼吸渐变的开机动画。安装后在终端中使用 sudo plymouth-set-default-theme deepin-ssd-tubiao -R 更换开机动画。', 1, 10000, '2020-10-29 10:32:36', NULL),
	(15, 11, 'OSX主题', 'osx-icons', '1.0.0', 'Panasony', 'shenmo', 'http:.//www.shenmo.tech:420/', 'store/beautify/osx-icons/osx-icons-ps.deb', '5.42MB', '', 'deepin;uos;ubuntu', 'OSX图标主题', 1, 10000, '2020-10-29 10:32:36', NULL),
	(16, 11, 'bibata光标主题', 'bibata-cursors', '1.0', 'Kaiz', 'sgb76', 'https://github.com/ful1e5/Bibata_Cursor', 'store/beautify/bibata-cursors/bibata-cursors_1.0_amd64.deb', '7.02 MB', 'https://examine-spark.oss-cn-shanghai.aliyuncs.com/icons/2020/09/13/dfe66be0-f56a-11ea-8bc0-53f4ac27ecd2.png', 'deepin;uos', '一款漂亮的光标主题，包含Classic和Ice两套主题，分别适用于系统的亮色和暗色主题', 1, 10000, '2020-10-29 10:32:36', NULL),
	(17, 11, 'windows10主题', 'windows10-icons', '1.0', 'Panasony', 'shenmo', ' ', 'store/beautify/windows10-icons/windows10-icons_1.0_amd64.deb', '10.53MB', '', 'deepin;uos;ubuntu', 'windows10主题', 1, 10000, '2020-10-29 10:32:36', NULL),
	(18, 11, 'unsplash4deepin', 'unsplash4deepin', '1.6', 'shansb', 'shansb', 'github.com/shansb', 'store/beautify/unsplash4deepin/unsplash4deepin_1.6_amd64.deb', '39.26 KB', 'https://examine-spark.oss-cn-shanghai.aliyuncs.com/icons/2020/10/07/502e5530-08a2-11eb-96d8-af4703404342.png', 'deepin', 'Deepin下的unsplash壁纸更换程序', 1, 10000, '2020-10-29 10:32:36', NULL),
	(19, 2, '微信（wine）', 'com.qq.weixin.dcs', '2.9.5.56', 'Tencent', 'zty199', 'https://weixin.qq.com/', 'store/communication/com.qq.weixin.dcs/com.qq.weixin.dcs_2.9.5.56_i386.deb', '118.73MB', '', '', 'Tencent WeChat Client on Deepin Wine 5.\n使用 deepin-wine5 重新打包，使用了官方的容器，调整 Windows 版本为 Windows 7，可以看到小程序面板，但是测试中打不开小程序，原因未知。根据论坛坛友描述，修复了 deepin-wine 2.18 安装高于 2.7版本微信时大图片和文件无法传输的问题。\n感谢官方开发 deepin-wine5 ，以及 gorquan 大佬修改过的启动脚本。仅供尝鲜使用。', 1, 10000, '2020-10-29 10:32:36', NULL),
	(20, 2, '钉钉', 'dingtalk', '3.0.0-2', '钉钉团队', 'shenmo', ' ', 'store/communication/dingtalk/dingtalk_3.0.0_amd64.deb', '42.52MB', '', '', '万恶的钉钉～资本家的应用～然而这个版本的Linux钉钉还不能上网课（学生党狂喜）不过可以打卡了', 1, 10000, '2020-10-29 10:32:36', NULL),
	(21, 2, '微信测试版（wine）', 'com.qq.weixin.spark', '3.0.0.57spark0', 'Tencent', 'zty199', 'https://weixin.qq.com/', 'store/communication/com.qq.weixin.spark/com.qq.weixin.spark_3.0.0.57spark0_i386.deb', '119.80MB', '', 'deepin;uos;dwine5', 'Tencent WeChat Client on Deepin Wine 5.\n使用了官方的容器，调整 Windows 版本为 Windows 7。\n测试中可以打开小程序，但是会被加载界面挡住，拖动窗口可以看到实际上已经加载完成。可以拖动窗口至屏幕顶上最大化后再还原解决问题。\n测试中添加小程序到桌面功能正常，可以正常唤起微信小程序。\n可能存在其他BUG，仅供尝鲜使用。', 1, 10000, '2020-10-29 10:32:36', NULL),
	(22, 2, 'jitsi-meet', 'jitsi-meet', '2.3.1', 'jitsi-meet', 'jerrywang', 'https://jitsi.org/meet', 'store/communication/jitsi-meet/jitsi-meet_2.3.1_a2d_amd64.deb', '81.22MB', '', '', '开源视频会议 jitsi-meet 的官方electron客户端', 1, 10000, '2020-10-29 10:32:36', NULL),
	(23, 2, 'zoom', 'zoom', '5.1.418436.0628', 'zoom', 'Maicss', 'https://www.zoom.us', 'store/communication/zoom/zoom_amd64.deb', '40M', '', '', 'zoom是一款支持跨平台的优秀会议软件，被用户给予了很高的评价。\n但是当前zoom已经不再支持免费用户创建会议，加入会议不受影响，请大家知悉。', 1, 10000, '2020-10-29 10:32:36', NULL),
	(24, 2, '钉钉（wine）', 'com.dingtalk.spark', '5.1.21.19spark0', '钉钉（中国）信息技术有限公司', 'zty199', 'https://dingtalk.com/', 'store/communication/com.dingtalk.spark/com.dingtalk.spark_5.1.21.19spark0_i386.deb', '225.20MB', '', '', 'DingTalk Client on Deepin WIne 5.\n使用 deepin-wine5 进行打包，使用了官方的 Deepin-QQ 容器，并调整 Windows版本 为 Windows 7。测试中功能基本正常，没有出现图标无法显示或者窗口阴影问题，托盘退出后可以正常再次启动。已知摄像头无法打开，可能还存在其他问题。\n感谢 gorquan 大佬修改的启动脚本。仅供尝鲜试用，建议优先使用原生 Linux 版。', 1, 10000, '2020-10-29 10:32:36', NULL),
	(25, 2, 'TIM（wine）', 'com.qq.tim.spark', '3.2.0.21856spark0', 'Tencent', 'zty199', 'https://tim.qq.com/', 'store/communication/com.qq.tim.spark/com.qq.tim.spark_3.2.0.21856spark0_i386.deb', '213.70MB', '', 'deepin;uos;dwine5', 'Tencent TIM Client on Deepin Wine 5.\n使用 deepin-wine5 重新打包，使用了官方的容器，升级安装。\n仅供尝鲜使用。', 1, 10000, '2020-10-29 10:32:36', NULL),
	(26, 2, 'Rocket chat', 'rocketchat', '3.0.2-1903', 'rocketchat', 'jerrywang', 'https://rocket.chat/', 'store/communication/rocketchat/rocketchat_3.0.2_amd64.deb', '52.31 MB', 'https://examine-spark.oss-cn-shanghai.aliyuncs.com/icons/2020/10/04/360929f0-062c-11eb-bee2-93bbd59c2a2a.png', 'community;ubuntu;deepin;uos', 'Rocket.Chat的官方Linux客户端', 1, 10000, '2020-10-29 10:32:36', NULL),
	(27, 2, '深度邮箱', 'deepin-mail', '5.1.0.45-1', 'deepin', 'ziggy(appj)', 'https://www.deepin.org/zh/', 'store/communication/deepin-mail/deepin-mail_5.1.0.45-1_amd64.deb', '1.87 MB', 'https://examine-spark.oss-cn-shanghai.aliyuncs.com/icons/2020/10/03/c19874a0-0562-11eb-96b3-539058fcf0da.desktop', 'deepin;uos', '官方最新版本的deepin邮箱', 1, 10000, '2020-10-29 10:32:36', NULL),
	(28, 2, 'MiTalk', 'mitalk', '4.0.100', '小米科技', 'anima', 'http://www.miliao.com/', 'store/communication/mitalk/MiTalk_4.0.100.deb', '75.54MB', '', '', '米聊是一款即时通讯应用.通过米聊可以跟你的米聊好友进行无限量的免费实时语音对讲,信息沟通和图片传送;支持语音群聊,手写涂鸦,语音微博等好玩的应用.', 1, 10000, '2020-10-29 10:32:36', NULL),
	(29, 2, '腾讯会议（wine）', 'com.tencent.meeting.spark', '2.0.0.416spark0', 'Tencent', 'zty199', 'https://meeting.tencent.com/', 'store/communication/com.tencent.meeting.spark/com.tencent.meeting.spark_2.0.0.416spark0_i386.deb', '81.70MB', '', '', 'Tencent WeMeet Client on Deepin Wine 5.\n使用 deepin-wine5 重新打包，使用了官方的 Deepin-QQ 容器，调整 Windows 版本为 Windows 7，测试中功能基本正常，但是摄像头可以打开，显示黑屏，原因未知。\n已知存在无法正常看到别人的共享画面的问题，自己共享桌面以及批注，白板功能正常。\n感谢官方开发 deepin-wine5。仅供尝鲜使用。', 1, 10000, '2020-10-29 10:32:36', NULL),
	(30, 2, '潮信', 'chaoxin', '1.8.3', '上海聊聊网络科技有限公司', 'sgb76', 'https://www.chaoxin.com/', 'store/communication/chaoxin/chaoxin_1.8.3_amd64.deb', '47.01MB', '', 'deepin;uos;dwine5', '潮信：和重要的人，聊重要的事。潮信旨在为用户提供安全可靠的聊天环境，专精要事交谈。潮信安全聊天采用端对端加密消息传输，服务器不留痕迹，消息阅后即焚，真正做到绝密、无痕。潮信支持Android、iOS、Windows以及Mac等各种平台，亦拥有Web版本。同一账号可同时登陆多个平台，各设备之间消息实时同步，并能互传文件。', 1, 10000, '2020-10-29 10:32:37', NULL),
	(31, 9, 'GitHub Desktop', 'github-desktop', '2.5.3', 'Brendan Forster', 'zty199', 'https://github.com/shiftkey/desktop', 'store/development/github-desktop/github-desktop_2.5.3_amd64.deb', '76.95MB', '', '', 'GitHub Desktop 的第三方 Linux 发行版。', 1, 10000, '2020-10-29 10:32:37', NULL),
	(32, 9, 'Goland', 'goland', '2020.1.3', 'Jetbrains', 'Vlary', 'https://www.jetbrains.com/go/', 'store/development/goland/goland-2020.1.3.deb', '291.13MB', '', '', 'GoLand is a cross-platform IDE built specially for Go developers ', 1, 10000, '2020-10-29 10:32:37', NULL),
	(33, 9, 'nteract', 'nteract', '0.25.0', 'nteract', 'jerrywang', 'https://nteract.io', 'store/development/nteract/nteract_0.25.0_amd64.deb', '64 MB', 'https://examine-spark.oss-cn-shanghai.aliyuncs.com/icons/2020/09/05/94774da0-ef20-11ea-983c-8d054728a013.png', 'uos', 'jupyter的桌面客户端,数据科学必备.此软件依赖于后端的 jupyter服务', 1, 10000, '2020-10-29 10:32:37', NULL),
	(34, 9, 'ffdec', 'ffdec', '11.3.0-1', ' ', 'sgb76', 'https://github.com/jindrapetrik/jpexs-decompiler', 'store/development/ffdec/ffdec_11.3.0_nightly1726.deb', '10.66MB', '', '', '一个免费开源的Flash反编译工具', 1, 10000, '2020-10-29 10:32:37', NULL),
	(35, 9, 'RedisPlus', 'redisplus', '3.2.0', 'MaxBill', 'lingyue', 'https://gitee.com/MaxBill/RedisPlus', 'store/development/redisplus/redisplus-3.2.0-deb-x86_64.deb', '105.48MB', '', '', 'RedisPlus是为Redis可视化管理开发的一款开源免费的桌面客户端软件，支持Windows 、Linux 、Mac三大系统平台，RedisPlus提供更加高效、方便、快捷的使用体验，有着更加现代化的用户界面风格。', 1, 10000, '2020-10-29 10:32:37', NULL),
	(36, 9, 'Postman', 'postman', '7.27.0', 'Postman', 'amengrobot', 'https://www.postman.com', 'store/development/postman/Postman_7.27.0_amd64.deb', '64.66MB', '', '', 'Postman 接口测试工具，提供功能强大的 Web API & HTTP 请求调试。它能够发送任何类型的HTTP 请求 (GET, HEAD, POST, PUT..)，附带任何数量的参数+ headers。支持不同的认证机制（basic, digest, OAuth），接收到的响应语法高亮（HTML，JSON或XML）。Postman 能够保留了历史的请求，这样我们就可以很容易地重新发送请求，有一个“集合”功能，用于存储所有请求相同的API/域。', 1, 10000, '2020-10-29 10:32:37', NULL),
	(37, 9, 'Liberica JDK 11 Full', 'bellsoft-java11-full', '11.0.8+10', 'BellSoft ', 'deltacatxx', 'https://bell-sw.com/', 'store/development/bellsoft-java11-full/bellsoft-jdk11.0.8_plus_10-linux-amd64-full.deb', '242.88 MB', 'https://examine-spark.oss-cn-shanghai.aliyuncs.com/icons/2020/10/13/95c0b520-0d3e-11eb-8a7f-d90168731543.svg', 'ubuntu;deepin;uos', 'Liberica JDK 是由 BellSoft 开发的一个 OpenJDK 发行版。Full 版本继承了 JavaFX，无需配置、开箱即用。', 1, 10000, '2020-10-29 10:32:37', NULL),
	(38, 9, 'STM32CubeIDE', 'st-stm32cubeide-1.4.0', '1.4.0-7511-20200720-0928-1', 'STMicroelectronics', 'lidanger', 'https://www.st.com', 'store/development/st-stm32cubeide-1.4.0/st-stm32cubeide_1.4.0_7511_20200720_0928_amd64.deb', '732.14MB', '', '', 'STM32CubeIDE 是 ST 公司新推出的 STM32 开发工具，集成了 TrueSTUDIO 和 STM32CubeMX，是 STM32Cube 软件生态系统的一部分。STM32CubeIDE 是一个先进的 C/C++ 开发平台，具有 STM32 微控制器的 IP 配置、代码生成、代码编译和调试功能。软件基于 ECLIPSE/CDT，采用 GCC、GDB 进行开发和调试，支持 Linux、Windows、Mac，支持 J-Link 和 ST-Link。', 1, 10000, '2020-10-29 10:32:37', NULL),
	(39, 9, 'PyCharm社区版', 'pycharm-community-spark', '2020.2.3', 'JetBrains', 'FunnyAWM', 'gitee.com/bilibili_FunnyAWM', 'store/development/pycharm-community-spark/pycharm-community-spark_2020.2.3_all.deb', '297.28 MB', 'https://examine-spark.oss-cn-shanghai.aliyuncs.com/icons/2020/10/18/0d01fab0-10e9-11eb-b12c-079bb96aa4ea.png', 'ubuntu', 'PyCharm社区版，全新打包 by FunnyAWM', 1, 10000, '2020-10-29 10:32:37', NULL),
	(40, 9, 'Liberica JDK 15 Full', 'bellsoft-java15-full', '15+36', 'BellSoft', 'deltacatxx', 'https://bell-sw.com/', 'store/development/bellsoft-java15-full/bellsoft-jdk15_plus_36-linux-amd64-full.deb', '234.71 MB', 'https://examine-spark.oss-cn-shanghai.aliyuncs.com/icons/2020/10/17/9844a3d0-1052-11eb-b5f0-79f3a121a6ea.png', 'ubuntu;deepin;uos', 'Liberica JDK 是由 BellSoft 开发的一个 OpenJDK 发行版。Full 版本集成了 JavaFX，无需配置、开箱即用', 1, 10000, '2020-10-29 10:32:37', NULL),
	(41, 9, 'Liberica JDK 14 Full', 'bellsoft-java14-full', '14.0.2+13', 'BellSoft', 'deltacatxx', 'https://bell-sw.com/', 'store/development/bellsoft-java14-full/bellsoft-jdk14.0.2_plus_13-linux-amd64-full.deb', '250.71 MB', 'https://examine-spark.oss-cn-shanghai.aliyuncs.com/icons/2020/10/13/2bcfd180-0d40-11eb-bd36-d9aedf62f5f0.svg', 'ubuntu;deepin;uos', 'Liberica JDK 是由 BellSoft 开发的一个 OpenJDK 发行版。Full 版本继承了 JavaFX，无需配置、开箱即用。', 1, 10000, '2020-10-29 10:32:37', NULL),
	(42, 9, 'VSCodium', 'codium', '1.49.3-1601685407', 'VSCodium', 'xingjiapeng', 'https://vscodium.com/', 'store/development/codium/codium_1.49.3-1601685407_amd64.deb', '66.61 MB', 'https://examine-spark.oss-cn-shanghai.aliyuncs.com/icons/2020/10/08/9e4e1790-0925-11eb-9064-3575aa2978d8.png', 'community', 'VSCode 的开源构建版。', 1, 10000, '2020-10-29 10:32:37', NULL),
	(43, 9, 'sokit', 'sokit', '1.3.1', 'sinpowei', 'lidanger', 'https://github.com/sinpolib/sokit', 'store/development/sokit/sokit_1.3.1_amd64.deb', '100.18 KB', 'https://examine-spark.oss-cn-shanghai.aliyuncs.com/icons/2020/10/25/1bcfe310-1691-11eb-9164-d95c0156863b.png', 'deepin', 'CP / UDP 测试工具,用来接收,发送,转发TCP或UDP数据包', 1, 10000, '2020-10-29 10:32:37', NULL),
	(44, 9, 'StarUML', 'staruml', '3.0.1', ' ', 'anima', 'http://staruml.io/', 'store/development/staruml/staruml_3.0.1_amd64.deb', '104.45MB', '', '', 'StarUML是一款制作程序结构图和程序流程图的软件。', 1, 10000, '2020-10-29 10:32:37', NULL),
	(45, 9, 'robo3t', 'robo3t', '1.4.2', 'robomongo', 'lidanger', 'https://robomongo.org', 'store/development/robo3t/robo3t_1.4.2_amd64.deb', '27.51 MB', 'https://examine-spark.oss-cn-shanghai.aliyuncs.com/icons/2020/10/25/05cea7b0-167b-11eb-9014-05bddc4545ad.png', 'deepin', 'Robo 3T 是专为 MongoDB 用户打造的一款强大数据库管理软件，该插件可以大大地提高开发者的效率。内嵌的 MongoDB Shell 提供了一个直观的代码编辑区域，用户可以直接进行数据库的编辑操作，同时还能执行数据库查询、导入以及导出等操作。', 1, 10000, '2020-10-29 10:32:37', NULL),
	(46, 9, 'Godot', 'godot', '3.2.1', ' ', 'zty199', 'https://godotengine.org/', 'store/development/godot/godot_3.2.1_amd64.deb', '20.32MB', '', '', 'Godot游戏引擎是由 Juan Linietsky 和 Ariel Manzur 开发的开源游戏引擎，是一款制作游戏的软件，可以制作2D和3D游戏。', 1, 10000, '2020-10-29 10:32:38', NULL),
	(47, 9, 'Figma', 'figma-linux', '0.6.2', 'Figma-Linux', 'zty199', 'https://github.com/Figma-Linux/figma-linux', 'store/development/figma-linux/figma-linux_0.6.2_amd64.deb', '67.72MB', '', '', 'Figma是一款基于浏览器的界面设计工具，方便团队进行软件开发。', 1, 10000, '2020-10-29 10:32:38', NULL),
	(48, 9, 'Postman', 'com.deekian.postman', '7.33.1', 'postman', 'adinlead', 'https://www.postman.com/', 'store/development/com.deekian.postman/postman7.deb', '72.84 MB', 'https://examine-spark.oss-cn-shanghai.aliyuncs.com/icons/2020/10/22/813a4070-145b-11eb-951d-ed23401a1be2.svg', 'deepin;uos', '网络/接口测试神器', 1, 10000, '2020-10-29 10:32:38', NULL),
	(49, 9, 'Liberica JDK 8 Full', 'bellsoft-java8-full', '1.8.0.262+10', 'Bellsoft', 'deltacatxx', 'https://bell-sw.com/', 'store/development/bellsoft-java8-full/bellsoft-jdk8u262_plus_10-linux-amd64-full.deb', '108.5 MB', 'https://examine-spark.oss-cn-shanghai.aliyuncs.com/icons/2020/10/13/65cf2d40-0d3b-11eb-8a7f-d90168731543.svg', 'ubuntu;deepin;uos', 'Liberica JDK 是由 Bellsoft 公司开发的一个 OpenJDK 发行版，Full 版本集成了JavaFX，无需配置、开箱即用。', 1, 10000, '2020-10-29 10:32:38', NULL),
	(50, 9, 'PDMan', 'pdman', '2.2.0', 'PDMan', 'sgb76', 'http://www.pdman.cn/#/', 'store/development/pdman/PDMan-linux_v2.2.0.deb', '86.38 MB', 'https://examine-spark.oss-cn-shanghai.aliyuncs.com/icons/2020/09/23/26958130-fd4e-11ea-b5cf-81fb836b464f.png', 'deepin', 'PDMan 是一款开源免费的数据库模型建模工具，是PowerDesigner之外另一种更好的选择。支持Windows,Mac,Linux等操作系统，具有上手容易，使用简单的特点。', 1, 10000, '2020-10-29 10:32:38', NULL),
	(51, 9, 'mqttfx', 'mqttfx', '1.7.1', 'mqttfx', '风铃', 'http://mqttfx.jensd.de/', 'store/development/mqttfx/mqttfx-1.7.1-64bit.deb', '72.41MB', '', '', 'MQTT.fx是一个跨平台的MQTT的图形化客户端', 1, 10000, '2020-10-29 10:32:38', NULL),
	(52, 9, 'Scratch3.0', 'scratch-desktop', '3.3.0-1', '麻省理工学院“终身幼儿园团队”', 'chaodn', 'https://scratch.mit.edu/', 'store/development/scratch-desktop/scratch-desktop_3.3.0_amd64.deb', '178.10MB', '', '', 'Scratch是麻省理工学院的“终身幼儿园团队”开发的图形化编程工具，主要面对青少年开放。', 1, 10000, '2020-10-29 10:32:38', NULL),
	(53, 9, 'Visual Studio Code', 'code', '1.49.0-1599744551', 'Microsoft', 'Anysets', 'https://code.visualstudio.com/', 'store/development/code/code_1.49.0-1599744551_amd64.deb', '61.57 MB', 'https://examine-spark.oss-cn-shanghai.aliyuncs.com/icons/2020/09/12/bd3e4fc0-f4ef-11ea-bf79-1335c9b78358.png', '', 'Visual Studio Code是一个运行于 Mac OS X、Windows和 Linux 之上的，针对于编写现代 Web 和云应用的跨平台源代码编辑器。该编辑器也集成了所有一款现代编辑器所应该具备的特性，包括语法高亮（syntax high lighting），可定制的热键绑定（customizable keyboard bindings），括号匹配（bracket matching）以及代码片段收集（snippets）。', 1, 10000, '2020-10-29 10:32:38', NULL),
	(54, 6, '《我的世界》基岩版启动器', 'mcpelauncher-ui-qt', '0.0.540+matrixfeather1', 'minecraft-linux', 'matrix-feather', 'https://github.com/minecraft-linux/mcpelauncher-manifest', 'store/games/mcpelauncher-ui-qt/mcpelauncher-ui-qt_0.0.540_plus_matrixfeather1_amd64.deb', '94.8 MB', 'https://examine-spark.oss-cn-shanghai.aliyuncs.com/icons/2020/09/14/a88444d0-f662-11ea-ac2a-7f254f342feb.png', 'deepin;ubuntu;a2d;community', '在linux平台上玩《我的世界》基岩版（暂时与1.16.20不兼容）', 1, 10000, '2020-10-29 10:32:38', NULL),
	(55, 6, '东方萃梦想', 'com.immaterialandmissingpower.deepin', '1', 'zun', 'cht', 'https://thwiki.cc/', 'store/games/com.immaterialandmissingpower.deepin/com.immaterialandmissingpower.deepin_1_amd64.deb', '598.3MB', '', '', '西瓜喝醉酒的故事', 1, 10000, '2020-10-29 10:32:38', NULL),
	(56, 6, '深海噩梦之被诅咒的心', 'com.nightmaresfromthedeep.wine', '12.04', 'Bigfish games', 'jzjbyq', 'https://www.bigfishgames.com/', 'store/games/com.nightmaresfromthedeep.wine/com.nightmaresfromthedeep.wine_12.04_amd64.deb', '763.43 MB', 'https://examine-spark.oss-cn-shanghai.aliyuncs.com/icons/2020/10/14/308f99e0-0df8-11eb-b09e-0fd5d6dd8f0b.ico', 'deepin', '《深海噩梦：被诅咒的心》这款游戏是以著名的海盗亨利·雷明顿为主题的展览即将展开，但是却再一次发生了意外。诅咒再次降临，想要拯救你的女儿，你必须用自己的智慧来解开留下来的一切谜题。 这款游戏以海盗为题材，邪恶的海盗鬼魂为了利用你女儿的生命力来唤醒他逝去的挚爱而绑架了她。为了救回女儿，你将跟随他的脚步，乘船渡过令人感到惊悚的海域，并进入荒废的堡垒和尸骨堆积如山的墓穴进行探索，发现一段凄美的爱情故事，从而揭开古老的秘密。', 1, 10000, '2020-10-29 10:32:38', NULL),
	(57, 6, 'osu!lazer汉化版', 'fydur-mfosu', '2020.717.0', ' ', 'fyljp', 'http://osu.ppy.sh/home', 'store/games/fydur-mfosu/mfosu_2020.717.0_amd64.deb', '112.73MB', '', '', '音游，值得一试', 1, 10000, '2020-10-29 10:32:39', NULL),
	(58, 6, '东方地灵殿', 'com.touhouchireiden.deepin', '1', 'zun', '传统', 'https://thwiki.cc/', 'store/games/com.touhouchireiden.deepin/com.touhouchireiden.deepin_1_amd64.deb', '382.90MB', '', '', '温泉事变，神秘的地底宫殿，神秘又可怕的少女。。。。。', 1, 10000, '2020-10-29 10:32:39', NULL),
	(59, 6, '3D平衡球', 'com.atari.ballance.dcs', '1.13', ' ', 'zty199', 'https://www.atari.com', 'store/games/com.atari.ballance.dcs/com.atari.ballance.dcs_1.13_i386.deb', '45.13MB', '', 'deepin;uos;dwine5', '经典游戏《Ballance》（非官方译名“平衡球”“3D平衡球”等），由德国的Atari（雅达利）公司旗下的开发商Cyparade于2004年4月2日在PC平台发布的一款单机滚球游戏。在游戏中，玩家要操纵一个可以改变自身材料种类（即物理性质）的球在高空或太空中搭建的庞大而复杂的迷宫建筑中穿梭，避开陷阱机关并破解一个个谜题，最终到达终点飞船以完成一个关卡。游戏提供了13个难度大致递增的关卡供玩家探索。此外，搭载了非常还原、真实的物理引擎使得球的操纵手感非常接近对现实生活中的认知，玩家也能够充分体验重力对平衡性的影响。', 1, 10000, '2020-10-29 10:32:39', NULL),
	(60, 6, '祖玛豪华版（wine）', 'zuma-luxury.spark', '1.0.0.1spark0', ' ', 'anima', ' ', 'store/games/zuma-luxury.spark/zuma-luxury.spark_1.0.0.1spark0_i386.deb', '25.42MB', '', '', '本游戏是原版祖玛的豪华版，画面上与原作并无太大区别。本游戏能在当今多如牛毛的游戏中脱颖而出取决于它设计的几大优点：古老的界面，神秘的印加背景音乐，加上游戏的主人翁一只青蛙坐在其中，吐出各种颜色的珠子，石青蛙环绕着石青蛙的是载着彩球的轨道，彩球会沿着轨滚动。石青蛙吐出彩球进入轨道，轨道上颜色相同的彩球，数量达到三个以上就会消除得分。看似简单的游戏经过精心巧妙的设计后，让人玩起来趣味无穷。', 1, 10000, '2020-10-29 10:32:39', NULL),
	(61, 6, 'HMCL我的世界启动器', 'store.spark-app.hmcl', '3.3.175', 'huangyuhui黄鱼', 'shenmo', 'https://github.com/huanghongxun/HMCL', 'store/games/store.spark-app.hmcl/store.spark-app.hmcl_3.3.175_amd64.deb', '59.40MB', '', 'deepin;uos;ubuntu', '全球超过两亿次使用的MC启动器，黄鱼授权发布', 1, 10000, '2020-10-29 10:32:39', NULL),
	(62, 6, '红怪', 'carrion', '1.0.0', 'Phobia Game Studio', 'sgb76', 'https://carrion.games/', 'store/games/carrion/carrion_1.0.0_amd64.deb', '99.18 MB', 'https://examine-spark.oss-cn-shanghai.aliyuncs.com/icons/2020/10/06/0c98f1b0-07bf-11eb-827c-a5b2322924e5.png', 'deepin;a2d', '《红怪（CARRION）》是一款像素风的横版冒险游戏。玩家将一反常态，扮演一只无固定形态、不明来源的触手生物。', 1, 10000, '2020-10-29 10:32:39', NULL),
	(63, 6, '野狐围棋', 'com.foxwq.spark', '2020.spark0', '北京野狐世纪技术有限公司', 'sgb76', 'https://www.foxwq.com/', 'store/games/com.foxwq.spark/com.foxwq.spark_2020.spark0_i386.deb', '45.87 MB', 'https://examine-spark.oss-cn-shanghai.aliyuncs.com/icons/2020/09/15/0d8f7780-f728-11ea-a5e3-bf6be982e1a6.png', 'deepin;dwine5', '围棋爱好者的大本营。', 1, 10000, '2020-10-29 10:32:39', NULL),
	(64, 6, 'VEK游戏配置平台', 'org.sea-group.raa', '1.0.0.2', 'JackLee', 'Anysets', 'https://gitee.com/JackLee02/vekGame', 'store/games/org.sea-group.raa/org.sea-group.raa_1.0.0.2_amd64.deb', '8.98MB', '', '', 'VEK 主要用于 Linux 操作系统利用 Wine + dxvk 自动配置容器来运行 Windows 下的程序。\n主要特点有：操作简单，携带方便，容器配置高效。', 1, 10000, '2020-10-29 10:32:39', NULL),
	(65, 6, 'ons模拟器onscripter-jh', 'onscripter-jh', '0.7.4-1', 'jh10001', 'Baiyanglizhiyuan', 'https://bitbucket.org/jh10001/onscripter-jh', 'store/games/onscripter-jh/onscripter-jh_0.7.4-1_amd64.deb', '200.81KB', '', '', '一个用于运行ons游戏的工具。在ons游戏目录右键打开终端，执行onscripter-jh即可打开游戏', 1, 10000, '2020-10-29 10:32:39', NULL),
	(66, 6, '火炬之光', 'torchlight', '1.5', 'Runic Games', 'sgb76', ' ', 'store/games/torchlight/torchlight_1.5_amd64.deb', '440.24MB', '', '', '《火炬之光》（Torchlight）是一款以冒险为主题的单机游戏。在游戏中，冒险者将从火炬之光这个城镇出发，进入附近山区寻找能给他们的武器提供能量，但同时却也危及他们性命的魔法矿石。', 1, 10000, '2020-10-29 10:32:39', NULL),
	(67, 6, 'Flappybird', 'actinidia', '1.0.0', 'mooction', 'mooction', 'https://github.com/mooction/actinidia', 'store/games/actinidia/actinidia_1.0.0_amd64.deb', '1.03 MB', 'https://examine-spark.oss-cn-shanghai.aliyuncs.com/icons/2020/10/15/684c7210-0ed7-11eb-be06-fff3d54e2c9d.png', 'deepin;uos;ubuntu', 'A simple flappybird game driven by Actinidia game engine.', 1, 10000, '2020-10-29 10:32:39', NULL),
	(68, 6, '蒙特祖玛的宝藏2（wine）', 'treasures-of-montezuma2.spark', '1.0.0.1spark0', ' ', 'anima', ' ', 'store/games/treasures-of-montezuma2.spark/treasures-of-montezuma2.spark_1.0.0.1spark0_i386.deb', '72.71MB', '', '', '图腾和释放特殊权利，使用相同颜色标记，然后激活，并经历一系列的比赛。最后会有奖杯和宝石的奖励。游戏画面会带给玩家细腻与华丽的质感，整体游戏在前景与背景的制作方面下了一番功夫，丰富的游戏场景会使你目不暇接，刻画有不同花纹的彩石非常精致，消除效果具有绚丽的光影特效\n蒙特祖玛的宝藏2宝物全新匹配，有30多个关卡，更有趣更有挑战！', 1, 10000, '2020-10-29 10:32:39', NULL),
	(69, 6, '纸境奇缘', 'epistory', '1.4', 'Fishing Cactus', 'sgb76', 'http://www.fishingcactus.com/', 'store/games/epistory/Epistory_1.4_amd64.deb', '582.62MB', '', 'deepin;uos;ubuntu;a2d', '《纸境奇缘》是一款意境优美的打字冒险游戏，讲述了一位缺乏灵感的作家，通过冥想的方式来撰写他的新书的故事。 在《纸境奇缘》中，你将扮演一位冥想者，在虚拟的未知世界中冒险。你的冒险从一张白纸上开始，但随着你不断获得灵感、击败敌人、解开谜题，世界也将变得更大、更鲜活。从探索到开箱到史诗般的战斗，本作中的一切游戏元素都由键盘来操控。 在折纸组成的奇幻世界中，故事随着作家的冥思来展开，蕴含魔法力量的神秘词汇随之显现。', 1, 10000, '2020-10-29 10:32:39', NULL),
	(70, 6, '东方绯想天', 'com.scarletweatherrhapsody.deepin', '1', 'zun', 'cht', 'https://thwiki.cc/', 'store/games/com.scarletweatherrhapsody.deepin/com.scarletweatherrhapsody.deepin_1_amd64.deb', '274.5MB', '', '', '天子把灵梦房子弄塌了被报复', 1, 10000, '2020-10-29 10:32:39', NULL),
	(71, 6, '夏威夷纸牌（wine）', 'aloha-solitaire.spark', '1.0.1.5spark0', ' ', 'anima', ' ', 'store/games/aloha-solitaire.spark/aloha-solitaire.spark_1.0.1.5spark0_i386.deb', '16.54MB', '', 'deepin;uos;ubuntu', '《夏威夷纸牌》这是一款以夏威夷沙滩风情为主题的纸牌游戏。该作虽然是纸牌，但确是一个点击消除类游戏，两个相同数字的纸牌就可以消除，不分花色。所有纸牌全部消除就可以过关，系统会给一些底牌用于辅助消除。', 1, 10000, '2020-10-29 10:32:39', NULL),
	(72, 6, '永远的伊苏ＩＩ', 'com.falcom.ys2.deepin', '1.0-1', 'Falcom', 'gtjmaster', 'https://www.falcom.co.jp/', 'store/games/com.falcom.ys2.deepin/com.falcom.ys2.deepin_1.0-1_i386.deb', '172.27MB', '', '', '基于deepin-wine打包的，经典ＡＲＰＧ游戏——《永远的伊苏ＩＩ》。已知无法播放ＯＰ动画；无法播放ＢＧＭ。', 1, 10000, '2020-10-29 10:32:39', NULL),
	(73, 6, '蚂蚁文托', 'antventor', '1.0.3', 'LoopyMood', 'sgb76', ' ', 'store/games/antventor/antventor_1.0.3_a2d_amd64.deb', '372.77MB', '', 'deepin;uos;ubuntu;a2d', '《蚂蚁文托》是LoopyMood制作发行的一款冒险解谜游戏。游戏的主角是一只发明家蚂蚁，他的个头虽小，但向往着一个伟大的梦想，玩家们需要操控他进行这段精彩的冒险，并且还要面对各种各样的挑战。', 1, 10000, '2020-10-29 10:32:39', NULL),
	(74, 6, '帝国时代2征服者（wine）', 'com.aoe2.spark', '1.0.spark0', '微软', 'sgb76', '不详', 'store/games/com.aoe2.spark/com.aoe2.spark_1.0.spark0_i386.deb', '248.95 MB', 'https://examine-spark.oss-cn-shanghai.aliyuncs.com/icons/2020/10/27/d2b1cc60-182b-11eb-a69b-4ff11c7ecd20.png', 'deepin;dwine5', '《帝国时代2征服者》（AOE2）是微软公司打造的一款经典的即时战略游戏', 1, 10000, '2020-10-29 10:32:39', NULL),
	(75, 6, '仙剑奇侠传98柔情版(Linux)', 'sdlpal', '98', ' ', '社区用户', ' ', 'store/games/sdlpal/sdlpal_98_a2d.deb', '143.12MB', '', '', '开源的仙剑奇侠传98柔情版。', 1, 10000, '2020-10-29 10:32:40', NULL),
	(76, 6, 'sudoku', 'sudoku', '1.0.0', 'colatea', 'anima', 'https://bbs.deepin.org/forum.php?mod=viewthread&tid=197116', 'store/games/sudoku/sudoku_1.0.0_amd64.deb', '25.83MB', '', 'community;deepin;uos;ubuntu', '数独游戏。', 1, 10000, '2020-10-29 10:32:40', NULL),
	(77, 6, '缺氧', 'oxygennotincluded', '1.0', 'Klei Entertainment', 'sgb76', ' ', 'store/games/oxygennotincluded/OxygenNotIncluded_1.0_amd64.deb', '633.03MB', '', '', '《缺氧》是由开发过《饥荒》的Klei Entertainment所制作并发行的一款模拟游戏。其美术风格也与《饥荒》一脉相承，并同样采用了横版2D布局。这是一个太空殖民地模拟游戏，玩家需要管理你的居民，帮助他们挖掘、建立和维护一个地下的小行星基地。你需要水、食物、氧气、适当的调节压力和适宜的温度来维持他们活着并满足他们。', 1, 10000, '2020-10-29 10:32:40', NULL),
	(78, 6, 'Chiaki', 'chiaki', '1.2.1', 'thestr4ng3r', 'zty199', 'https://github.com/thestr4ng3r/chiaki', 'store/games/chiaki/chiaki_1.2.1_a2d.deb', '20.13MB', '', 'deepin;uos;ubuntu', 'Chiaki 是一款免费开源的 PS4 远程游戏客户端，兼容Linux，FreeBSD，OpenBSD，Android，macOS，Windows等多平台。', 1, 10000, '2020-10-29 10:32:40', NULL),
	(79, 6, '植物大战僵尸-wine', 'plantsvszombies', '1.0.0.1051', ' ', 'shenmo', ' ', 'store/games/plantsvszombies/plantsvszombies_deepin.deb', '28.10MB', '', '', '植物大战僵尸中文版', 1, 10000, '2020-10-29 10:32:40', NULL),
	(80, 6, '饥荒', 'dontstarve', '2018', 'Klei Entertainment', 'sgb76', 'https://klei.com/games/dont-starve', 'store/games/dontstarve/dontstarve_1.0_amd64.deb', '530.57MB', '', 'deepin;uos;ubuntu;a2d', '饥荒（DontStarve）是KleiEntertainment制作发行的一款求生类游戏，游戏讲述了一位科学家被恶魔传送到了一个奇异的世界中，他在这里必须用自己的智慧在这一片荒野外生存下来。此游戏为中文汉化版，进入游戏后点击菜单mods，进入后选择chinese，然后保存退出，重启后即可。', 1, 10000, '2020-10-29 10:32:40', NULL),
	(81, 6, '捣蛋猪', 'com.rovio.badpiggies.dcs', '1.0.0', ' ', 'zty199', 'https://www.rovio.com', 'store/games/com.rovio.badpiggies.dcs/com.rovio.badpiggies.dcs_1.0.0_i386.deb', '34.39MB', '', 'deepin;uos;dwine2', '《捣蛋猪》是由《愤怒的小鸟》（Angry Birds）的开发商Rovio公司制作的一款益智游戏，于2012年9月27日正式发行。《捣蛋猪》通过飞行、爬行、滚动、旋转、撞击让小猪找到地图碎片、鸟蛋、蛋糕、钥匙等。《捣蛋猪》中的主角是雀斑猪，形象延续了《愤怒的小鸟》中的造型。但不同的是，《捣蛋猪》并不是将小猪砸向对手或建筑，而是玩家要通过载具来收集星星，完成关卡、沙盒的任务。', 1, 10000, '2020-10-29 10:32:40', NULL),
	(82, 6, '隐藏的人', 'hiddenfolks', '1.5', 'Adriaan de Jongh', 'sgb76', 'https://hiddenfolks.com/', 'store/games/hiddenfolks/hiddenfolks_1.5_amd64.deb', '39.39 MB', 'https://examine-spark.oss-cn-shanghai.aliyuncs.com/icons/2020/10/06/44b1f5e0-07e9-11eb-90d1-9bb8657e09b4.png', 'deepin;a2d', 'HiddenFolks是一款画风十分清奇的益智游戏，纯手绘画风+制作人魔性录制的各种音效，整体十分有趣，而且超级考验眼力', 1, 10000, '2020-10-29 10:32:40', NULL),
	(83, 6, '星云模拟器（wine）', 'com.emulatronia.nebula.spark', '2.25b.0spark0', 'ElSemi', 'anima', 'http://nebula.emulatronia.com/', 'store/games/com.emulatronia.nebula.spark/com.emulatronia.nebula.spark_2.25b.0spark0_i386.deb', '7.12MB', '', '', 'nebula模拟器是一款由EISemi所写的街机模拟器之一，nebula模拟器完美的支持三国战记、傲剑狂刀、大家来找碴、形意拳、西游记等国产PGM游戏！结构明晰运行稳定，界面简洁清爽功能强大全面占用体积小且专业。', 1, 10000, '2020-10-29 10:32:40', NULL),
	(84, 6, '粘粘世界', 'worldofgoo', '1.5.2', '2D Boy', 'sgb76', 'https://2dboy.com/', 'store/games/worldofgoo/WorldOfGoo_1.5.2_amd64.deb', '165.61MB', '', '', '《粘粘世界》（World of Goo）是一款由独立游戏开发者2D Boy制作并发行的物理学题材益智游戏。《粘粘世界》以凯勒·加布勒的概念游戏《Tower of Goo》为原型，主要玩法是利用粘性小球“粘粘球”（Goo）来构建建筑框架，协助尽量多的剩余粘粘球进入地图的管道内。', 1, 10000, '2020-10-29 10:32:40', NULL),
	(85, 6, '魔兽争霸3冰封王座', 'war3', '1.24E+maicss2', '暴雪', 'Maicss', 'http:.//www.shenmo.tech:420/', 'store/games/war3/war3_1.24E.deb', '759.8MB', '', '', '这是由暴雪公司开发的曾经风靡全球的竞技游戏，是如今很多moba类游戏的鼻祖。\n游戏通过wine技术运行在linux环境下，并加入了全屏补丁和启动器。', 1, 10000, '2020-10-29 10:32:40', NULL),
	(86, 6, '美味星球2', 'com.tastyplanet2.wine', '1.0', '阿健', '阿健', 'https://bbs.deepin.org/forum.php?mod=viewthread&tid=195972', 'store/games/com.tastyplanet2.wine/com.tastyplanet2.wine_1.0_amd64.deb', '19.21MB', '', '', '在《美味星球2》中，我们将继续控制灰色粘球去吃比它小的东西，吃的越多会变得越大！不久就能吃下整个地球！本篇的故事开始于粘球吃下了一台时间机器，导致它被送回到六个不同时期，从现代开始，到白垩纪晚期，古埃及和古罗马，日本封建时代，以及遥远的未来世界。', 1, 10000, '2020-10-29 10:32:40', NULL),
	(87, 6, '红色警戒', 'openra-mods-rasc', '20200517', 'OpenRA作战司令部', '奇点法则', 'Q群：742982428', 'store/games/openra-mods-rasc/RedAlertSimplifiedChinese-rasc_20200517-x86_64.deb', '41.63MB', '', '', '开源红警，国外制作的，OpenRA作战司令部属于汉化团队，奇点法则是搬运工', 1, 10000, '2020-10-29 10:32:40', NULL),
	(88, 6, 'Steam', 'steam-launcher', 'latest', 'Valve', 'Maicss', 'https://store.steampowered.com', 'store/games/steam-launcher/steam_latest.deb', '2.8M', '', '', 'Steam平台是目前全球最大的综合性数字发行平台之一。玩家可以在该平台购买、下载、讨论、上传和分享游戏和软件。', 1, 10000, '2020-10-29 10:32:40', NULL),
	(89, 6, '300英雄', 'com.jumpw.300', '1.0.0.0', '上海跳跃网络', 'neko', 'https://300.jumpw.com/', 'store/games/com.jumpw.300/300hero.deb', '68.98 MB', 'https://examine-spark.oss-cn-shanghai.aliyuncs.com/icons/2020/09/09/fbfc1560-f262-11ea-a95c-e5ab694a08e0.png', 'deepin;uos;dwine5', '二次元MOBA', 1, 10000, '2020-10-29 10:32:40', NULL),
	(90, 6, '反恐精英', 'cstrike', '1.6', 'Valve Inc. ', 'Anysets', ' ', 'store/games/cstrike/cstrike_1.6_amd64.deb', '583.96MB', '', 'deepin;uos;ubuntu;a2d', '一款经典的FPS游戏', 1, 10000, '2020-10-29 10:32:40', NULL),
	(91, 6, '永不孤单', 'neveralone', '1.8', 'Upper One Games', 'sgb76', ' ', 'store/games/neveralone/neveralone_1.8_amd64.deb', '3.51GB', '', '', '《永不孤单》（《Never Alone》）是由Upper One Games工作室制作的一款横版冒险解谜游戏。游戏根据一个阿拉斯加的民间传说，讲诉了一个小女孩和她的狐狸同伴，为探索暴风雪的起源，踏上了征程，从而发生了一系列故事。游戏已汉化，进入设置菜单设置为中文即可', 1, 10000, '2020-10-29 10:32:40', NULL),
	(92, 6, '愤怒的小鸟', 'com.rovio.angrybirds.dcs', '3.0.0', ' ', 'HadesStudio', 'https://www.rovio.com', 'store/games/com.rovio.angrybirds.dcs/com.rovio.angrybirds.dcs_3.0.0_i386.deb', '54.83MB', '', 'deepin;uos;dwine2', '《愤怒的小鸟》是由Rovio开发的一款休闲益智类游戏，游戏以小鸟报复偷走鸟蛋的肥猪为背景，讲述了小鸟与肥猪的一系列故事。', 1, 10000, '2020-10-29 10:32:40', NULL),
	(93, 6, '死亡细胞', 'net.siwang.xibao', '1.2.10+1', 'Motion Twin', 'chaodn', 'https://motion-twin.com/', 'store/games/net.siwang.xibao/net.siwang.xibao_1.2.10_plus_1_amd64.deb', '514.19MB', '', '', '《死亡细胞》，是由来自法国的开发商Motion Twin制作的一款类银河恶魔城风格的（Metroidvania）独立游戏。本作在Metroidvania的基础上融合了roguelike 。在PS4和任天堂Switch平台推出《死亡细胞（Dead Cells）》实体版本，实体版和PC正式版本都在18年8月18日推出。\n\n更新日志（20200716）\n1.修改为正确的图标。\n2.修复不能卸载的问题。', 1, 10000, '2020-10-29 10:32:40', NULL),
	(94, 6, 'Wine游戏助手', 'net.winegame.client', '0.5.7.1', '老虎会游泳', 'Anysets', 'https://winegame.net', 'store/games/net.winegame.client/net.winegame.client_0.5.7.1_amd64.deb', '1.67MB', '', '', '开源游戏平台，帮您在UOS/Linux系统中运行Windows游戏。（由于依赖问题，可能无法在deepinV15环境下安装）', 1, 10000, '2020-10-29 10:32:40', NULL),
	(95, 6, 'GettingOverIt', 'gettingoverit', '1.5861', 'Bennett Foddy', 'sgb76', ' ', 'store/games/gettingoverit/GettingOverIt_1.5861_a2d_amd64.deb', '542.39MB', '', 'deepin;uos;ubuntu;a2d', '《Getting Over It》是一款休闲游戏，由Bennett Foddy制作推出。在游戏中，你将扮演一个猫在大锅里的裸男，手拿一个锤子，而你的目标则是登上前方的高山。', 1, 10000, '2020-10-29 10:32:40', NULL),
	(96, 6, '辐射小马国：废土-wine', 'fallout.equestria.remains', '1.0.1', 'Empalu', 'ShadowDumb', 'http://foe.ucoz.org/main_en.html', 'store/games/fallout.equestria.remains/fallout.equestria.remains_1.0.1_amd64.deb', '295.69MB', '', 'deepin;uos;ubuntu', '战争！战争从未改变！\n很久很久以前，在小马国这片神奇的土地上……\n一个将友谊理念让位于妒忌、自私、贪婪与残忍的时代来临了。在那次国与国之间，以自然资源为开端的大战中，没有任何的赢家。由小马蹄下击打而出的魔法迅速爆发失控，整个世界都被烈焰所吞噬。龙火与黑魔法结合而成的毁灭性武器，几乎抹除掉了这个星球上的所有生命。土壤，水源和空气都被辐射污染，城市毁灭，文明崩溃。无论是小马，还是他们的敌军都被从地表上抹除掉了。疯狂的先知所预言的审判日，几乎没有任何小马相信，直到那个命运注定的日子降临……\n但这并不是结局，仍然有很多小马幸免于难，一些躲在巨大的地下避难厩中，另一些不知何故适应了新的环境。那个审判日只不过是小马历史上另一个血腥篇章的序曲。在满目疮痍，毒素滋生的废土，暴力和残忍已是家常便饭，更是一种生存下去的方式……\n在曾经的小马国的那个末日之后，二百多年过去了……\n\n这是一款rougelike的横版射击游戏，游戏中包含有数十种武器、装备和技能，以及上百个随机关卡，当然敌人的种类也很多。小心，敌人也会布置陷进！\n游戏依赖于64位wine。游戏支持多种语言，包括中文。\n\n1.0.1更新：\n一些BUG修复，增加日语和西班牙语。', 1, 10000, '2020-10-29 10:32:41', NULL),
	(97, 5, 'draw.io', 'draw.io', '13.6.2-319', 'jgraph', 'anima', 'https://www.diagrams.net/', 'store/graphics/draw.io/draw.io-amd64-13.6.2.deb', '71.26MB', '', '', 'draw.io 是一个强大简洁的绘图软件，支持流程图，UML图，架构图，原型图等图标。支持Github，Google Drive, One drive等网盘同步，并且永久免费。', 1, 10000, '2020-10-29 10:32:41', NULL),
	(98, 5, 'darktable', 'darktable', '3.2.1-1.1', 'darktable team', 'sgb76', 'https://www.darktable.org/', 'store/graphics/darktable/darktable_3.2.1-1.1_amd64.deb', '3.87 MB', 'https://examine-spark.oss-cn-shanghai.aliyuncs.com/icons/2020/09/08/a3199160-f1c3-11ea-9c29-93260fe96a0e.png', 'deepin', 'darktable是一个开源的摄影工作应用和raw处理工具，可以给摄影师提供一个虚拟的灯光台和暗室。', 1, 10000, '2020-10-29 10:32:41', NULL),
	(99, 5, 'tupitube', 'com.tupitube', '0.2.14', 'maefloresta', 'cht', 'https://www.maefloresta.com/', 'store/graphics/com.tupitube/com.tupitube.deb', '50.50MB', '', '', '一款简易的卡通动画软件', 1, 10000, '2020-10-29 10:32:41', NULL),
	(100, 5, 'Image', 'imagine', '0.5.1', 'meowtec', 'anima', 'https://github.com/meowtec/Imagine/', 'store/graphics/imagine/imagine_0.5.1_a2d_amd64.deb', '68.5 MB', 'https://examine-spark.oss-cn-shanghai.aliyuncs.com/icons/2020/09/08/84a06bf0-f1d7-11ea-ae68-d14c999893b2.png', 'a2d;deepin;community', '想象一下是一款桌面应用程序，用于压缩PNG和JPEG，具有现代和友好的用户界面。', 1, 10000, '2020-10-29 10:32:41', NULL),
	(101, 5, 'RawTherapee', 'rawtherapee', '5.8', ' ', 'sgb76', 'https://rawtherapee.com/', 'store/graphics/rawtherapee/rawtherapee_5.8_a2d_amd64.deb', '64.79MB', '', '', 'RawTherapee is a free, cross-platform raw image processing program', 1, 10000, '2020-10-29 10:32:41', NULL),
	(102, 5, 'PicGo', 'picgo', '2.2.2', 'Molunerfinn', 'jerrywang', 'https://github.com/Molunerfinn/PicGo', 'store/graphics/picgo/picgo_2.2.2_amd64.deb', '65.12MB', '', '', '开源图床管理器', 1, 10000, '2020-10-29 10:32:41', NULL),
	(103, 5, 'AzPainter', 'azpainter', '2.1.6', ' ', 'sgb76', ' ', 'store/graphics/azpainter/azpainter_2.1.6-2ppa1~xenial1_amd64.deb', '529.36KB', '', '', 'AzPainter非常小巧，是一款Linux系统下的全彩绘画软件，主要用于插图绘图。', 1, 10000, '2020-10-29 10:32:41', NULL),
	(104, 5, 'Inkscape', 'org.inkscape.inkscape.dcs', '1.0+spark', ' ', 'zty199', 'https://inkscape.org/', 'store/graphics/org.inkscape.inkscape.dcs/org.inkscape.inkscape.dcs_1.0_plus_spark_amd64.deb', '16.50MB', '', '', 'Inkscape 是一款专业的开源矢量图形编辑软件，支持 Linux，macOS 和 Windows 平台。\n感谢论坛坛友 ylxdxx 的编译版，在添加了数个依赖后重新打包，可以在 deepin v20 上运行，修复了原版 AppImage 不能使用 fcitx 输入法框架输入中文的问题。', 1, 10000, '2020-10-29 10:32:41', NULL),
	(105, 5, '美图秀秀（wine）', 'xiuxiu.spark', '6.4.0.2', '美图公司', 'sgb76', 'https://xiuxiu.meitu.com/', 'store/graphics/xiuxiu.spark/xiuxiu.spark_6.4.0.2_i386.deb', '143.03 MB', 'https://examine-spark.oss-cn-shanghai.aliyuncs.com/icons/2020/09/14/c8900a70-f649-11ea-b7cf-896391a71e7f.png', 'deepin;dwine5', '简单好用、容易上手的图片处理软件。6.4.0.2版更新内容：1.新增智能拼图；2.优化面部重塑功能；3.修复相关bug', 1, 10000, '2020-10-29 10:32:41', NULL),
	(106, 5, 'ComicEnhancerPro（wine）', 'com.comicenhancerpro.spark', '4.21.spark0', '马健', 'sgb76', '不详', 'store/graphics/com.comicenhancerpro.spark/com.comicenhancerpro.spark_4.21.spark0_i386.deb', '13.19 MB', 'https://examine-spark.oss-cn-shanghai.aliyuncs.com/icons/2020/10/20/575ba2f0-12a1-11eb-8ad0-ed5f0c963e63.png', 'deepin;dwine5', 'ComicEnhancerPro是一款功能强大的图片批量处理软件，这款软件可以批量调节图片的对比度，亮度、缩放、曲线等。直接可以对漫画图书进行增强功能，及批量的转换图片格式，支持输入JPG,UFO,GIF,PNG,BMP,TIFF,WMP,JP2,J2K格式, 输出支持JPG,PNG,BMP,TIFF,JP2等。', 1, 10000, '2020-10-29 10:32:41', NULL),
	(107, 5, 'Pinta', 'pinta', '1.7', ' ', 'sgb76', 'https://www.pinta-project.com/', 'store/graphics/pinta/pinta_1.7-0ppa1_bionic1_all.deb', '763.28KB', '', '', 'Pinta是一个免费的开源程序，用于绘图和图像编辑。', 1, 10000, '2020-10-29 10:32:41', NULL),
	(108, 5, 'Krita', 'org.krita.krita.dcs', '4.3.0', ' ', 'zty199', 'https://krita.org/zh/', 'store/graphics/org.krita.krita.dcs/org.krita.krita.dcs_4.3.0_amd64.deb', '224.96MB', '', '', 'Krita 是一款由社区驱动的自由开源数字绘画软件，可免费使用，无任何商用限制，让每一位画师都可以随心所欲地表达创意。', 1, 10000, '2020-10-29 10:32:41', NULL),
	(109, 5, 'qimgv看图', 'qimgv', '0.9.1', 'Eugene G. <easymodofrf@gmail.com>', 'lenke', 'https://github.com/easymodo/qimgv', 'store/graphics/qimgv/qimgv_0.9.1_amd64.deb', '492.45KB', '', '', 'Qt5 image viewer. Fast, configurable, easy to use.', 1, 10000, '2020-10-29 10:32:41', NULL),
	(110, 5, 'MyPaint', 'mypaint', '2.0.1', ' ', 'sgb76', 'http://mypaint.org/', 'store/graphics/mypaint/MyPaint_2.0.1_amd64.deb', '27.91MB', '', '', 'MyPaint是一款开源的绘图软件，2.0.1版支持线性合成，图层视图，笔刷笔划改进，新的对称模式，扩展的填充，新的笔刷设置，新的笔刷输入以及各种其他改进和修复。', 1, 10000, '2020-10-29 10:32:41', NULL),
	(111, 5, 'viewnior', 'viewnior', '1.7-1', 'xsisqox', 'lenke', 'https://xsisqox.github.io/Viewnior/', 'store/graphics/viewnior/viewnior_1.7-1_amd64.deb', '123.35KB', '', '', 'debian系都是1.6版，升级到1.7.并解决deepin商店里无法打开首选项的问题', 1, 10000, '2020-10-29 10:32:41', NULL),
	(112, 5, 'Ciano', 'ciano.spark', '0.2.4', 'robertsanseries', 'jerrywang', 'https://github.com/robertsanseries/ciano', 'store/graphics/ciano.spark/ciano.spark_0.2.4_amd64.deb', '253.37 KB', 'https://examine-spark.oss-cn-shanghai.aliyuncs.com/icons/2020/09/18/fb11c4f0-f97f-11ea-8a76-6d79312886cf.png', 'community;deepin;uos', '一个注重简单性的多媒体文件转换器', 1, 10000, '2020-10-29 10:32:41', NULL),
	(113, 5, '美图秀秀', 'com.meitu.xiuxiu', '1.0.0.0', 'meitu', 'Maicss', 'https://xiuxiu.web.meitu.com/', 'store/graphics/com.meitu.xiuxiu/mtxx_1.0.0.0_amd64.deb', '18M', '', '', '美图秀秀是一款很好用的免费图片处理软件，不用学习就会用。美图秀秀拥有的图片特效、美容、拼图、场景、边框、饰品等功能，加上每天更新的精选素材，可以让你1分钟做出影楼级照片。', 1, 10000, '2020-10-29 10:32:42', NULL),
	(114, 5, 'photopea', 'photopea', '1.1', 'photopea', 'neko', 'www.photopea.com', 'store/graphics/photopea/Photopea-1.1.deb', '50.96MB', '', '', 'Photopea是用于编辑栅格的免费在线工具,以及支持PSD，XCF和Sketch文件的矢量图形', 1, 10000, '2020-10-29 10:32:42', NULL),
	(115, 5, 'Inkscape', 'inkscape', '1.0.1-1', 'Inkscape', '咸粽子', 'https://inkscape.org', 'store/graphics/inkscape/inkscape_1.0.1-1_amd64.deb', '14.96 MB', 'https://examine-spark.oss-cn-shanghai.aliyuncs.com/icons/2020/10/09/a6141510-0a1f-11eb-8800-6dcca473536c.png', 'deepin', 'Inkscape 是一个免费和开源的矢量图形编辑器。它提供了一套丰富的功能，广泛用于艺术和技术插图，如卡通、剪贴画、徽标、排版、图表和流程图。', 1, 10000, '2020-10-29 10:32:42', NULL),
	(116, 5, 'DLabel云标签', 'com.dlabel.spark', '3.4.1.spark0', '深圳市云联软件有限公司', 'sgb76', 'http://www.dlabel.cn/index.html', 'store/graphics/com.dlabel.spark/com.dlabel.spark_3.4.1.spark0_i386.deb', '47.62 MB', 'https://examine-spark.oss-cn-shanghai.aliyuncs.com/icons/2020/09/28/35b1df30-016b-11eb-9a88-934c2c1ea83a.png', 'deepin;dwine5', 'DLabel标签打印软件是一款专业高效的条码标签编辑打印工具，软件界面简洁，功能直观全面，操作十分简单，可以帮助用户快速设计条码标签', 1, 10000, '2020-10-29 10:32:42', NULL),
	(117, 5, 'PhotoGIMP', 'photogimp', '2.10.21', 'sudo-give-me-coffee', 'zty199', 'https://github.com/sudo-give-me-coffee/PhotoGIMP', 'store/graphics/photogimp/photogimp_2.10.21_amd64.deb', '138.41MB', '', '', 'PhotoGIMP，是在GIMP基础上修改了界面布局，看起来更像PhotoShop的版本，原作者为来自Diolinux的Dionathan Simione。这个appimage版本基于他的flatpak版本补丁打包而来。', 1, 10000, '2020-10-29 10:32:42', NULL),
	(118, 5, 'bigjpg人工智能图片放大工具', 'com.bigjpg.web', '1.0', 'BigJPG', '洛仙璃', 'https://bigjpg.com/', 'store/graphics/com.bigjpg.web/com.bigjpg.web.deb', '51.48MB', '', '', 'ai人工智能图片放大工具', 1, 10000, '2020-10-29 10:32:42', NULL),
	(119, 5, '大雄CAD（wine）', 'com.321cad.spark', '2019.03.5spark0', '廖达雄', 'anima', 'http://www.321cad.com/', 'store/graphics/com.321cad.spark/com.321cad.spark_2019.03.5spark0_i386.deb', '16.85MB', '', '', '一款简单好用的CAD绘图工具，具有许多特色功能。', 1, 10000, '2020-10-29 10:32:42', NULL),
	(120, 5, 'blender', 'blender', '2.83.2', 'Blender', 'Maicss', 'https://www.blender.org', 'store/graphics/blender/blender-2.83.2-linux64.deb', '131.5M', '', '', 'Blender是一个免费的开源3D创作套件。它支持整个三维流水线建模、装配、动画、仿真、渲染、合成和运动跟踪、视频编辑和二维动画流水线。\n此包是在在官方提供的二进制包的基础上重新打包。', 1, 10000, '2020-10-29 10:32:42', NULL),
	(121, 3, 'XunScore', 'xunscore', '1.2.7.1', 'XunScore', 'Anysets', 'https://www.xunscore.cn/', 'store/music/xunscore/xunscore_1.2.7.1_amd64.deb', '31.06MB', '', '', '让你简易自由地创建和分享乐谱。编辑器之所以称为“埙”，是寄望它更多地兼顾华夏民族乐谱，更好地符合国人使用习惯。', 1, 10000, '2020-10-29 10:32:42', NULL),
	(122, 3, 'deadbeef', 'deadbeef', '1.8.4', ' ', 'sgb76', 'https://deadbeef.sourceforge.io/', 'store/music/deadbeef/deadbeef_1.8.4_amd64.deb', '5.45MB', '', '', 'DeaDBeeF在GNU/Linux系统下是一款音频播放器，原生GTK2和GTK3 GUI、支持多种格式，自定义UI、内存占用小、很多额外功能的插件。', 1, 10000, '2020-10-29 10:32:42', NULL),
	(123, 3, '易谱', 'ziipoo', '2.4.0.7', '深圳市壹谱科技有限公司', 'anima', 'http://www.ziipoo.cn/', 'store/music/ziipoo/linuxZiipoo2407v1.deb', '152.13MB', '', '', '壹谱，让音乐更靠谱！', 1, 10000, '2020-10-29 10:32:42', NULL),
	(124, 3, '洛雪音乐助手', 'lx-music-desktop', '1.0.1-119', 'lyswhut', 'Anysets', 'https://github.com/lyswhut/lx-music-desktop', 'store/music/lx-music-desktop/lx-music-desktop.v1.0.1.x64.deb', '51.90MB', '', '', '洛雪音乐助手，一个免费的音乐下载助手', 1, 10000, '2020-10-29 10:32:42', NULL),
	(125, 3, 'Petal', 'petal', '2.25.0', 'ilime', 'anima', 'https://github.com/ilime/Petal', 'store/music/petal/petal_2.25.0_amd64.deb', '49.58MB', '', '', 'Douban.FM Client With Extra - - - 一个简洁的豆瓣FM客户端。', 1, 10000, '2020-10-29 10:32:42', NULL),
	(126, 3, '网易云音乐', 'netease-cloud-music', '1.2.1', '网易', 'jerrywang', 'https://music.163.com/', 'store/music/netease-cloud-music/netease-cloud-music_1.2.1_amd64_ubuntu_20190428.deb', '99.66 MB', 'https://examine-spark.oss-cn-shanghai.aliyuncs.com/icons/2020/10/16/5f3b5fc0-0fc6-11eb-9676-6de1389aeef0.svg', 'ubuntu;deepin;uos', '网易云音乐官方Linux客户端', 1, 10000, '2020-10-29 10:32:42', NULL),
	(127, 3, '深度音乐', 'deepin-music-legacy', '3.1.14+ds-1', 'Deepin', 'zty199', 'https://github.com/linuxdeepin/deepin-music', 'store/music/deepin-music-legacy/deepin-music-legacy_3.1.14+ds-1_amd64.deb', '456.69KB', '', '', '深度音乐3.1.14版，从Debian 10仓库中翻出来的旧版本，修改了安装位置与桌面文件名称和图标并重新进行打包，与商店现有新版本进行区分。与新版不兼容，请卸载新版再使用', 1, 10000, '2020-10-29 10:32:42', NULL),
	(128, 3, 'Helio调音工作站', 'helio-workstation', '2.0+spark1', 'Peter Rudenko <peter.rudenko@gmail.com>', 'shenmo', 'https://github.com/helio-fm/helio-workstation', 'store/music/helio-workstation/helio-workstation_2.0_plus_spark1_amd64.deb', '2.49 MB', 'https://examine-spark.oss-cn-shanghai.aliyuncs.com/icons/2020/09/27/d9bca2c0-0064-11eb-a0f1-7fdee39184f3.png', 'ubuntu;deepin;uos', 'Helio工作站是一款自由免费跨平台的音乐创作平台。\\n Helio is free and cross-platform lightweight music creation playground.', 1, 10000, '2020-10-29 10:32:42', NULL),
	(129, 3, 'i5sing', 'i5sing', '0.3.0', 'i5sing', 'anima', 'https://github.com/i5sing/i5SING/', 'store/music/i5sing/i5sing_0.3.0_amd64.deb', '82.11MB', '', '', '中国原创音乐基地5sing PC版。爱生活,爱音乐,爱5SING。', 1, 10000, '2020-10-29 10:32:42', NULL),
	(130, 3, '酷狗音乐（wine）', 'com.kugou.spark', '9.1.44.23567spark0', ' ', 'anima', 'https://www.kugou.com/', 'store/music/com.kugou.spark/com.kugou.spark_9.1.44.23567spark0_i386.deb', '101.100MB', '', '', '就是歌多    大有不同', 1, 10000, '2020-10-29 10:32:43', NULL),
	(131, 3, 'Chord弦音乐', 'chord', '0.2.29-174', ' ', '神末shenmo', ' ', 'store/music/chord/chord-0.2.29-linux-amd64.deb', '78.47MB', '', '', '美观高效，弦音乐。来自github的投稿', 1, 10000, '2020-10-29 10:32:43', NULL),
	(132, 3, '千千静听', 'com.qianqian.ttplayer.spark', '5.7.9.0spark0', 'lizhipei78，郑南岭', 'anima', 'http://ttplayer.qianqian.com/', 'store/music/com.qianqian.ttplayer.spark/com.qianqian.ttplayer.spark_5.7.9.0spark0_i386.deb', '4 MB', 'https://examine-spark.oss-cn-shanghai.aliyuncs.com/icons/2020/09/14/464481c0-f69b-11ea-af1e-07b55f2cf4ef.png', 'deepin;uos', '千千静听作为国内最老牌音乐播放软件之一，目前可作为本地播放器，此版本完美彻底去除右侧音乐窗，去歌曲铃铛图标，更新了歌词搜索下载服务器，可搜索下载全网歌词.', 1, 10000, '2020-10-29 10:32:43', NULL),
	(133, 3, 'Coco Music', 'cocomusic', '2.0.7', ' ', 'shenmo', ' ', 'store/music/cocomusic/cocomusic_2.0.7_amd64.deb', '42.37MB', '', '', 'Coco Music，美观的第三方QQ音乐', 1, 10000, '2020-10-29 10:32:43', NULL),
	(134, 3, 'QQ音乐（wine）', 'com.qq.y.spark', '17.77spark1', 'gorquan', 'zty199', 'https://github.com/gorquan/QQMusic', 'store/music/com.qq.y.spark/com.qq.y.spark_17.77spark1_i386.deb', '91.30MB', '', '', 'Tencent QQMusic Client on Deepin Wine 5.\n模仿官方商店版本打包，解决了MV播放引起的崩溃问题。\n自以为是地精简了容器内容......建议使用官方商店版本，这个仅供尝鲜娱乐。', 1, 10000, '2020-10-29 10:32:43', NULL),
	(135, 3, 'MoonFM', 'moonfm', '1.8.16', ' ', 'shenmo', ' ', 'store/music/moonfm/moonFM-1.8.16_amd64.deb', '56.40MB', '', '', '一款网络广播软件', 1, 10000, '2020-10-29 10:32:43', NULL),
	(136, 3, 'listen1', 'listen1', '2.13.0', 'listen1', 'anima', 'https://github.com/listen1/listen1_desktop/', 'store/music/listen1/listen1_2.13.0_linux_amd64.deb', '48.24 MB', 'https://examine-spark.oss-cn-shanghai.aliyuncs.com/icons/2020/09/20/0dc25720-fb35-11ea-a70c-6b9c9de62a69.png', 'uos;deepin', 'Listen1可以搜索和播放来自多个主流音乐网站的歌曲，让你的曲库更全面。并支持收藏功能，方便的创建自己的歌单。', 1, 10000, '2020-10-29 10:32:43', NULL),
	(137, 3, '网易云音乐（GTK）', 'netease-cloud-music-gtk', '1.1.1', 'gmg137', '乾一巽五', 'https://github.com/gmg137/netease-cloud-music-gtk', 'store/music/netease-cloud-music-gtk/netease-cloud-music-gtk_1.1.1_amd64.deb', '1.33MB', '', '', 'Linux 平台下基于 Rust + GTK 开发的网易云音乐播放器。', 1, 10000, '2020-10-29 10:32:43', NULL),
	(138, 3, 'Iease-Music', 'iease-music', '1.3.4', 'trazyn', 'jalawov', 'https://github.com/trazyn/ieaseMusic', 'store/music/iease-music/ieaseMusic-1.3.4-linux-amd64.deb', '55.37MB', '', '', '美观的第三方网易云,由Electron, React, MobX, JSS构建', 1, 10000, '2020-10-29 10:32:43', NULL),
	(139, 3, 'vocal', 'com.github.needle-and-thread.vocal', '2.4.1', ' ', 'neko', ' ', 'store/music/com.github.needle-and-thread.vocal/com.github.needle-and-thread.vocal2.4.1-e2548e.deb', '377.035KB', '', '', '￼Vocal是一个功能强大，快速且直观的应用程序，可帮助用户查找新的播客，管理其库，并享受独立音频和视频发布所能提供的最佳体验。Vocal具有对剧集下载和流媒体，本机系统集成，iTunes Store搜索和前100个图表（具有国际结果支持），iTunes链接解析，OPML导入和导出等功能的全面支持。此外，它还具有出色的智能功能，例如自动保持您的媒体库中的旧文件清洁，以及设置自定义跳过间隔的功能。', 1, 10000, '2020-10-29 10:32:43', NULL),
	(140, 1, 'Teamviewer', 'teamviewer', '15.10.5', 'teamviewer', 'teamviewer', 'www.teamviewer.com', 'store/network/teamviewer/teamviewer_15.10.5_amd64.deb', '13.97 MB', 'https://examine-spark.oss-cn-shanghai.aliyuncs.com/icons/2020/10/01/5e579430-03f9-11eb-9af6-a56dded7a25a.png', 'deepin', '跨平台的远程协助软件', 1, 10000, '2020-10-29 10:32:43', NULL),
	(141, 1, 'Cisco Packet Tracer', 'packettracer', '7.2.0', ' ', 'anima', 'https://www.netacad.com/virtual/app/introduction-packet-tracer', 'store/network/packettracer/PacketTracer_7.2.0_amd64.deb', '217.57MB', '', '', 'Cisco Packet Tracer 是由Cisco公司发布的一个辅助学习工具，为学习CCNA课程的网络初学者去设计、配置、排除网络故障提供了网络模拟环境。学生可在软件的图形用户界面上直接使用拖曳方法建立网络拓扑，软件中实现的IOS子集允许学生配置设备；并可提供数据包在网络中行进的详细处理过程，观察网络实时运行情况。', 1, 10000, '2020-10-29 10:32:43', NULL),
	(142, 1, '闪电下载（wine）', 'com.xiaokanba.bbs.spark', '1.4.7.0spark0', '未知', 'anima', 'http://bbs.xiaokanba.com/', 'store/network/com.xiaokanba.bbs.spark/com.xiaokanba.bbs.spark_1.4.7.0spark0_i386.deb', '44.97 MB', 'https://examine-spark.oss-cn-shanghai.aliyuncs.com/icons/2020/09/26/367265d0-0007-11eb-82a7-dd0a64740d3b.png', 'deepin;uos', '闪电下载，闪电侠⚡️,支持磁力、种子、电驴、万能下载神器，支持边下边播。（注：deepin-wine5环境下未能实现边下边播）', 1, 10000, '2020-10-29 10:32:43', NULL),
	(143, 1, '云日历', 'mytime', '1.0.2', ' ', 'anima', 'https://mytime.ruanmei.com/', 'store/network/mytime/mytime_linux_1.02_amd64.deb', '52.42MB', '', '', '使用云日历管理日程、记录生活、订阅精彩，还有各种小工具使您的生活更便捷。', 1, 10000, '2020-10-29 10:32:43', NULL),
	(144, 1, '火狐浏览器开发版', 'org.mozilla.firefox.developer', '82.0b9', 'Mozilla', '8Mi_Yile', 'https://www.mozilla.org/zh-CN/firefox/developer/', 'store/network/org.mozilla.firefox.developer/org.mozilla.firefox.developer_82.0b9_amd64.deb', '56.39 MB', 'https://examine-spark.oss-cn-shanghai.aliyuncs.com/icons/2020/10/09/3cc61f30-0a84-11eb-9bb4-c1e398b34f2d.png', 'community;ubuntu;deepin;uos', '欢迎您使用 Firefox 开发者版本。使用此版本可获得最新功能、高速性能，以及您打造开放 Web 所需的开发工具。', 1, 10000, '2020-10-29 10:32:43', NULL),
	(145, 1, '天翼云盘', 'cn.189.cloud.spark', '6.3.1.0spark0', '未知', 'anima', 'https://cloud.189.cn/', 'store/network/cn.189.cloud.spark/cn.189.cloud.spark_6.3.1.0spark0_i386.deb', '36.19 MB', 'https://examine-spark.oss-cn-shanghai.aliyuncs.com/icons/2020/10/10/7e8d3320-0aea-11eb-b81b-f5245cee26d2.png', 'dwine5;deepin;uos', '文件云端存储    从此抛弃U盘；文件自动同步    便捷上传下载', 1, 10000, '2020-10-29 10:32:44', NULL),
	(146, 1, '360安全浏览器v10基础版', 'browser360-cn-stable', '10.2.1006.16-1', '360qihoo', 'ziggy(appj)', 'https://browser.360.cn/se/linux/index.html', 'store/network/browser360-cn-stable/browser360-cn-stable_10.2.1006.16-1_amd64.deb', '62.31 MB', 'https://examine-spark.oss-cn-shanghai.aliyuncs.com/icons/2020/09/23/659439e0-fd52-11ea-b350-e5aa3a2404ce.svg', 'deepin;uos', '该版本取消了激活弹窗提示，插件栏回归，除增值服务外均能正常使用，可以视为12版本的迭代产品', 1, 10000, '2020-10-29 10:32:44', NULL),
	(147, 1, '迅雷11（wine）', 'com.xunlei.spark', '11.0.2.52spark0', ' ', 'lenke(主), anima(副)', 'https://www.xunlei.com/', 'store/network/com.xunlei.spark/com.xunlei.spark_11.0.2.52spark0_i386.deb', '259.70MB', '', '', '精彩，一下就有\n云盘，实力存储', 1, 10000, '2020-10-29 10:32:44', NULL),
	(148, 1, '和彩云网盘（wine）', 'com.139.c.spark', '5.1.1spark0', ' ', 'anima', 'https://c.139.com/', 'store/network/com.139.c.spark/com.139.c.spark_5.1.1spark0_i386.deb', '79.31MB', '', '', '上传下载不限速    定格时光不等待\n安全智能云存储    数字资产云安家', 1, 10000, '2020-10-29 10:32:44', NULL),
	(149, 1, '锐捷校园网认证工具', 'rj-aux', '2.4', ' ', 'shenmo', ' ', 'store/network/rj-aux/rj-aux_linux_v2.4-beta5_amd64.deb', '1.92MB', '', '', '快速进入锐捷校园网～', 1, 10000, '2020-10-29 10:32:44', NULL),
	(150, 1, '百度网盘（wine）', 'deepin.com.baidu.pan', '5.7.3deepin0', '百度', '奇点法则', ' ', 'store/network/deepin.com.baidu.pan/deepin.com.baidu.pan_5.7.3deepin0_i386.deb', '73.51MB', '', '', '远古win版百度网盘，图就不放了。', 1, 10000, '2020-10-29 10:32:44', NULL),
	(151, 1, '腾讯微云（wine）', 'com.weiyun.spark', '3.9.0spark0', ' ', 'anima', 'https://www.weiyun.com/', 'store/network/com.weiyun.spark/com.weiyun.spark_3.9.0spark0_i386.deb', '67.55MB', '', '', '文件管理更便捷\n上传下载更稳定', 1, 10000, '2020-10-29 10:32:44', NULL),
	(152, 1, 'NeatDownloadManager（wine）', 'com.neatdownloadmanager.spark', '1.2.10spark0', ' ', 'anima', 'http://www.neatdownloadmanager.com/', 'store/network/com.neatdownloadmanager.spark/com.neatdownloadmanager.spark_1.2.10spark0_i386.deb', '9.68MB', '', '', 'NeatDownloadManager on Deepin Wine。', 1, 10000, '2020-10-29 10:32:44', NULL),
	(153, 1, '蜗牛下载器', 'snail', '1.4.0+sm', ' ', 'shenmo', ' ', 'store/network/snail/snail-sm_1.0_amd64.deb', '59.10MB', '', '', 'Java下载器一个～', 1, 10000, '2020-10-29 10:32:44', NULL),
	(154, 1, '冰点文库（wine）', 'com.bingdian001.spark', '3.2.14.0914spark0', '等雪的鱼', 'anima', 'http://www.bingdian001.com/', 'store/network/com.bingdian001.spark/com.bingdian001.spark_3.2.14.0914spark0_i386.deb', '6.67 MB', 'https://examine-spark.oss-cn-shanghai.aliyuncs.com/icons/2020/09/18/12e89590-f994-11ea-abff-eb79e1384db7.png', 'dwine5;deepin;uos', '冰点文库下载器，下载文档利刃当之首选！无需积分也无需登录就可以自由下载百度和豆丁文库，它支持百度、豆丁、丁香、畅享、MBALib、HP009、MAX、Book118、金字塔医学、大桔灯等文库文档，支持多个任务同时下载和断点续传下载，下载的文档与原始文档质量等同，最终生成高清晰度的PDF格式文档。', 1, 10000, '2020-10-29 10:32:44', NULL),
	(155, 1, 'Popcorn-Time', 'popcorn-time', '0.4.4', 'Popcorn Software', 'xingjiapeng', 'https://popcorntime.app/', 'store/network/popcorn-time/popcorn-time-0.4.4-amd64.deb', '94.71 MB', 'https://examine-spark.oss-cn-shanghai.aliyuncs.com/icons/2020/09/20/ae03a270-fae5-11ea-9837-89877bec4d2e.png', 'community', '一款可以让用户更好的下载观看 BT 影片的开源软件。', 1, 10000, '2020-10-29 10:32:44', NULL),
	(156, 1, '火狐中国可更新版', 'firefox-zh-spark', '79.0.0', 'Mozilla', 'shenmo', 'https://www.firefox.com.cn/', 'store/network/firefox-zh-spark/firefox-zh-spark_79.0.0_amd64.deb', '55.59MB', '', '', '火狐中国版神末打包版本，可以自动更新的', 1, 10000, '2020-10-29 10:32:44', NULL),
	(157, 1, 'qBittorrent', 'qbittorrent', '4.3.0-1', 'qbittorrent', '咸粽子', 'https://www.qbittorrent.org', 'store/network/qbittorrent/qbittorrent_4.3.0-1_amd64.deb', '5.3 MB', 'https://examine-spark.oss-cn-shanghai.aliyuncs.com/icons/2020/10/19/5e2420a0-11b9-11eb-b6d3-b933b28bf131.png', 'community;deepin', '一款使用 Qt 做界面的 BT 传输软件。', 1, 10000, '2020-10-29 10:32:44', NULL),
	(158, 1, '迅雷S', 'deepin-wine-thunders', '20200711.s3', ' ', 'lenke', ' ', 'store/network/deepin-wine-thunders/deepin-wine-thunders_20200711.s3_i386.deb', '17.11MB', '', '', '迅雷融合版请注意：该包由社区投递，未经过星火测试，不保证能够正常运行', 1, 10000, '2020-10-29 10:32:44', NULL),
	(159, 1, 'Station浏览器', 'station', '1.65.0', 'Station', 'jerrywang', 'https://getstation.com/', 'store/network/station/station_1.65.0_amd64.deb', '237.77MB', '', '', 'Station is the first smart browser for busy people. A single place for all of your web applications.', 1, 10000, '2020-10-29 10:32:44', NULL),
	(160, 1, '百度网盘', 'baidunetdisk', '3.4.1', 'baidu', 'jerrywang', 'http://pan.baidu.com/download', 'store/network/baidunetdisk/baidunetdisk_3.4.1_amd64.deb', '106.07 MB', 'https://examine-spark.oss-cn-shanghai.aliyuncs.com/icons/2020/09/25/733bf540-ff2a-11ea-8ab4-6f2ab84685a2.png', 'ubuntu;deepin;uos', '百度网盘Linux客户端，支持上传下载，部分文件预览，在线解压缩', 1, 10000, '2020-10-29 10:32:44', NULL),
	(161, 1, 'chrome浏览器', 'google-chrome-stable', '83.0.4103.116-1', 'Google', 'Maicss', 'https://www.google.cn/intl/zh-CN/chrome/', 'store/network/google-chrome-stable/google-chrome-stable_current_amd64.deb', '68.6M', '', '', '全球范围内最受欢迎的浏览器之一，得益于内置的 Google 智能工具，Chrome 现在更易用、更安全、更快速。', 1, 10000, '2020-10-29 10:32:44', NULL),
	(162, 1, '坚果云', 'nautilus-nutstore-public', '5.0.1', '上海亦存网络科技有限公司', 'Maicss', 'https://www.jianguoyun.com', 'store/network/nautilus-nutstore-public/nautilus_nutstore_5.0.1_amd64.deb', '30.1M', '', '', '任何设备，随时随地实现文件共享。\n官方坚果云无法直接在V20中安装并正常使用，此版本为修复问题后重新打包版本，经测试一切正常。', 1, 10000, '2020-10-29 10:32:45', NULL),
	(163, 1, 'Tixati', 'tixati', '2.75-1', 'Tixati Software Inc.', 'sgb76', 'https://www.tixati.com/discover/', 'store/network/tixati/tixati_2.75-1_amd64.deb', '10.17 MB', 'https://examine-spark.oss-cn-shanghai.aliyuncs.com/icons/2020/09/27/a5baeb30-00a0-11eb-bb30-ebae19136765.png', 'deepin', 'Tixati是一个点对点文件共享程序，使用流行的BitTorrent协议。该协议允许多个节点组成一个协作群，并且可以高效地下载非常大的文件。', 1, 10000, '2020-10-29 10:32:45', NULL),
	(164, 1, 'Internet Download Manager', 'com.idm.sugarcane.deepin', '6.36', 'Tonec FZE', 'zkqgxlbjx', 'http://www.internetdownloadmanager.com/', 'store/network/com.idm.sugarcane.deepin/com.idm.sugarcane.deepin_6.36_i386.deb', '92.06 MB', 'https://examine-spark.oss-cn-shanghai.aliyuncs.com/icons/2020/10/21/fc650050-1393-11eb-bf5e-5fe58fc9c211.png', 'deepin;dwine2', '下载工具', 1, 10000, '2020-10-29 10:32:45', NULL),
	(165, 1, 'OneDrive for Linux 命令行版', 'onedrive', '2.4.3', 'abraunegg', 'jalawov', 'https://github.com/abraunegg/onedrive', 'store/network/onedrive/onedrive_2.4.3_all.deb', '4.54MB', '', '', 'onedrive 的命令行客户端 支持business版和office365版，支持世纪互联（zg特色）版', 1, 10000, '2020-10-29 10:32:45', NULL),
	(166, 1, 'FileZilla', 'filezilla-spark', '3.49.1', 'filezilla', 'Anysets', 'https://www.filezilla.cn/', 'store/network/filezilla-spark/filezilla-spark_3.49.1_amd64.deb', '7.30MB', '', '', 'FileZilla是一个免费开源的FTP软件', 1, 10000, '2020-10-29 10:32:45', NULL),
	(167, 1, '交易侠', 'tradermaster', '3.0.0', ' ', 'shenmo', ' ', 'store/network/tradermaster/TraderMaster_deepin_20_beta.deb', '75.11MB', '', '', '交易侠是国内第一个支持Linux的交易客户端', 1, 10000, '2020-10-29 10:32:45', NULL),
	(168, 1, '360国产浏览器-86内核尝鲜版', 'browser360-cn-unstable', '10.4.1001.24-1', '360qihoo', 'ziggy(appj)', 'https://browser.360.cn/se/linux/index.html', 'store/network/browser360-cn-unstable/browser360-cn-stable_10.4.1001.24-1_amd64.deb', '70.28MB', '', '', '360国产浏览器的86内核偷跑版本，bug较多，建议仅用于尝鲜', 1, 10000, '2020-10-29 10:32:45', NULL),
	(169, 1, 'Vivaldi 浏览器', 'vivaldi-stable', '3.4.2066.86-1', 'Vivaldi Technologies AS.', 'SamLukeYes', 'https://vivaldi.com', 'store/network/vivaldi-stable/vivaldi-stable_3.4.2066.86-1_amd64.deb', '72.15 MB', 'https://examine-spark.oss-cn-shanghai.aliyuncs.com/icons/2020/10/22/5a840cb0-14bd-11eb-8dde-ef398516c248.png', 'ubuntu;deepin;uos', '全新的 Vivaldi 浏览器保护您免受追踪器的侵犯，封锁恼人的广告，并通过诸多独有的内置功能让您掌控一切。', 1, 10000, '2020-10-29 10:32:45', NULL),
	(170, 1, 'electron-ssr', 'electron-ssr', '0.3.0-alpha.6', 'The Electron-SSR Authors', '奇点法则', 'https://github.com/shadowsocksrr/electron-ssr', 'store/network/electron-ssr/electron-ssr_0.3.0-alpha.6_amd64.deb', '45.07MB', '', '', 'Shadowsocksr client using electron.', 1, 10000, '2020-10-29 10:32:45', NULL),
	(171, 1, '向日葵X', 'com.oray.sunlogin.client', '10.0.2.24779', '贝锐科技', 'Maicss', 'https://sunlogin.oray.com/', 'store/network/com.oray.sunlogin.client/com.oray.sunlogin.client_10.0.2.24779_amd64.deb', '16M', '', '', '给您安全无忧、流畅无阻的稳定高效远控体验。', 1, 10000, '2020-10-29 10:32:45', NULL),
	(172, 1, '火狐浏览器国际版', 'firefox-spark', '80.0', 'Mozilla', 'Anysets', 'https://www.mozilla.org/en-US/firefox/', 'store/network/firefox-spark/firefox-spark_80.0_amd64.deb', '56.03MB', '', '', 'Firefox是一个自由和开放源代码的网页浏览器', 1, 10000, '2020-10-29 10:32:45', NULL),
	(173, 1, '速盘', 'com.speedpan-x.spark', '1.9.78.192spark0', '未知', 'anima', 'https://www.speedpan-x.com/', 'store/network/com.speedpan-x.spark/com.speedpan-x.spark_1.9.78.192spark0_i386.deb', '8.25 MB', 'https://examine-spark.oss-cn-shanghai.aliyuncs.com/icons/2020/09/30/2abdd970-02c5-11eb-b4d6-b1b2015324ea.png', 'deepin;uos;dwine5', '速盘是一款免登录、自动查询提取码、极速的度盘下载工具。', 1, 10000, '2020-10-29 10:32:45', NULL),
	(174, 1, 'Vivaldi (snapshot)', 'vivaldi-snapshot', '3.5.2080.3-1', 'Vivaldi Technologies AS.', 'SamLukeYes', 'https://vivaldi.com', 'store/network/vivaldi-snapshot/vivaldi-snapshot_3.5.2080.3-1_amd64.deb', '72.23 MB', 'https://examine-spark.oss-cn-shanghai.aliyuncs.com/icons/2020/10/22/2f6fd410-1471-11eb-835e-b592f92c9dbf.png', 'ubuntu;deepin;uos', 'Vivaldi 浏览器预览版。此软件包不一定是最新版本，但安装后可以通过系统更新收到新版本推送。', 1, 10000, '2020-10-29 10:32:45', NULL),
	(175, 1, '微云同步助手', 'com.weiyunsync.spark', '3.0.0spark0', ' ', 'anima', 'https://www.weiyun.com/', 'store/network/com.weiyunsync.spark/com.weiyunsync.spark_3.0.0spark0_i386.deb', '45.83MB', '', '', '微云与电脑硬盘关联\n文件实时同步到云端', 1, 10000, '2020-10-29 10:32:45', NULL),
	(176, 1, 'Burpsuite', 'burpsuite', '2020.5.1-0kali', 'portswigger', 'Vlary', 'https://portswigger.net/burp', 'store/network/burpsuite/burpsuite.deb', '337.20MB', '', '', 'A platform for security testing of web applications.此版本是基于kali版本的重新打包。', 1, 10000, '2020-10-29 10:32:45', NULL),
	(177, 1, 'Qv2ray', 'qv2ray', '2.6.3-1stable2', 'Qv2ray Workgroup', 'zty199', 'https://qv2ray.net/', 'store/network/qv2ray/qv2ray_2.6.3-1stable2_amd64.deb', '1.78MB', '', '', 'Linux / Windows / macOS 跨平台 V2Ray 客户端 | 支持 SSR / Trojan / Trojan-Go / NaiveProxy | 使用 C++ / Qt5 开发 | 可拓展插件式设计', 1, 10000, '2020-10-29 10:32:45', NULL),
	(178, 1, 'Motrix', 'motrix', '1.5.15', 'agalwood', 'shenmo', 'https://motrix.app', 'store/network/motrix/motrix_1.5.15_amd64.deb', '56.34MB', '', '', 'Motrix 是一款全能的下载工具，支持下载 HTTP、FTP、BT、磁力链等资源。', 1, 10000, '2020-10-29 10:32:45', NULL),
	(179, 1, 'XDM', 'xtreme-download-manager', '7.2.11', ' ', 'sgb76', 'https://subhra74.github.io/xdm/', 'store/network/xtreme-download-manager/xtreme-download-manager_7.2.11_amd64.deb', '50.46MB', '', '', '一款强大的下载加速器和视频下载器', 1, 10000, '2020-10-29 10:32:46', NULL),
	(180, 1, '迅雷X（wine）', 'cn.thunderx.gleaf.deepin', '10deepin0', 'xunlei', 'zkqgxlbjx', '无', 'store/network/cn.thunderx.gleaf.deepin/cn.thunderx.gleaf.deepin.deb', '265.08 MB', 'https://examine-spark.oss-cn-shanghai.aliyuncs.com/icons/2020/09/11/00a93d70-f44a-11ea-b360-8124d2fc1d06.png', 'deepin;dwine2', '简化版迅雷X下载工具', 1, 10000, '2020-10-29 10:32:46', NULL),
	(181, 7, '青竹', 'qing-zhu', '3.1.7', '济南达牛网络科技有限公司', 'sgb76', 'http://qingzhu.co/', 'store/office/qing-zhu/qing-zhu_3.1.7_amd64.deb', '36.36MB', '', '', '青竹是一款集笔记文档、任务整理、在线作图于一体的记录工具。作为一款在线记录软件，青竹支持云端保存，及多人协作功能，让各种需要被记录的内容能集中化管理。使用青竹，用户可以快速记录笔记、Markdown、思维导图等，使记录集中化的呈现。', 1, 10000, '2020-10-29 10:32:46', NULL),
	(182, 7, 'Master Pdf编辑器', 'master-pdf-editor', '5.6.20', 'Code Industry', '奇点法则（搬运）', 'https://code-industry.net/free-pdf-editor/#get', 'store/office/master-pdf-editor/master-pdf-editor-5.6.20-qt5.x86_64.deb', '10.54MB', '', '', '一个强大的PDF编辑器', 1, 10000, '2020-10-29 10:32:46', NULL),
	(183, 7, '百度脑图', 'com.baidu.naotu', '3.2.3', ' ', 'anima', 'https://naotu.baidu.com/', 'store/office/com.baidu.naotu/com.baidu.naotu_3.2.3_amd64.deb', '37.19MB', '', '', '百度脑图是一款强大的思维导图编辑器。', 1, 10000, '2020-10-29 10:32:46', NULL),
	(184, 7, 'FoxitReader', 'foxitreader', '2.4.4.0911', ' ', 'sgb76', 'https://www.foxitsoftware.cn/', 'store/office/foxitreader/foxitreader_2.4.4.0911_amd64.deb', '73.59MB', '', '', 'PDF阅读和打印可以如此简单', 1, 10000, '2020-10-29 10:32:46', NULL),
	(185, 7, 'haroopad', 'haroopad', '0.13.1', 'haroopad', 'Maicss', 'http://pad.haroopress.com', 'store/office/haroopad/haroopad-v0.13.1-x64.deb', '29.1M', '', '', 'The Markdown enabled Next Document Processor.\n新一代Markdown文档编辑工具。\n优化了打包，官网提供的版本可能无法安装。', 1, 10000, '2020-10-29 10:32:46', NULL),
	(186, 7, 'Marktext', 'marktext', '0.16.2-3092', 'marktext', 'jerrywang', 'https://github.com/marktext/marktext', 'store/office/marktext/marktext.deb', '65.22MB', '', '', '一个简单而优雅的markdown编辑器, Typora的开源替代品. 中文界面快出了', 1, 10000, '2020-10-29 10:32:46', NULL),
	(187, 7, 'Xournal++', 'xournalpp', '1.0.18~git20200415.1911', 'Ulrich Huber & Bryan Tan', 'Andreas Butti', 'https://xournalpp.github.io/', 'store/office/xournalpp/xournalpp-1.0.18-Debian-buster-x86_64.deb', '12.88MB', '', '', 'Xournal++ is a hand note taking software written in C++ with the target of flexibility, functionality and speed.', 1, 10000, '2020-10-29 10:32:46', NULL),
	(188, 7, 'Cmd Markdown', 'cmd-markdown', '2017.01.14', '作业部落@ghosert', 'sgb76', 'https://www.zybuluo.com/mdeditor', 'store/office/cmd-markdown/Cmd-Markdown_2017.01.14_amd64.deb', '25.90MB', '', '', 'Cmd Markdown是一款漂亮简洁的Markdown写作软件。', 1, 10000, '2020-10-29 10:32:46', NULL),
	(189, 7, 'WizNoteLite', 'wiznotelite', '1.4.1', 'WizNote', 'jerrywang', 'https://www.wiz.cn/', 'store/office/wiznotelite/wiznotelite_1.4.1_a2d_amd64.deb', '107.75MB', '', '', 'WizNote新版客户端WiznoteLite. ', 1, 10000, '2020-10-29 10:32:46', NULL),
	(190, 7, 'Obsidian', 'obsidian', '0.8.0', ' ', 'Anysets', ' ', 'store/office/obsidian/obsidian_0.8.0_a2d_amd64.deb', '73.14MB', '', '', 'Obsidian是一款功能齐全的Markdown编辑器', 1, 10000, '2020-10-29 10:32:46', NULL),
	(191, 7, 'Simplenote', 'simplenote', '1.19.0-14076', 'Automattic ', 'Vlary', 'https://simplenote.com/', 'store/office/simplenote/Simplenote-linux-1.19.0-amd64.deb', '59.61MB', '', '', 'The simplest way to keep notes', 1, 10000, '2020-10-29 10:32:46', NULL),
	(192, 7, '开源Evernote APP:Tusk', 'tusk', '0.23.0-650', 'klaussinani', 'Vlary', 'https://github.com/klaussinani/tusk', 'store/office/tusk/tusk_0.23.0_amd64.deb', '52.55MB', '', '', 'Tusk is an unofficial, featureful, open source, community-driven, free Evernote app used by people in more than 140 countries.', 1, 10000, '2020-10-29 10:32:46', NULL),
	(193, 7, 'VNote', 'vnote', '2.10', 'tamlok', 'xingjiapeng', 'https://tamlok.gitee.io/vnote/zh_cn/', 'store/office/vnote/vnote_2.10_a2d_amd64.deb', '78.19 MB', 'https://examine-spark.oss-cn-shanghai.aliyuncs.com/icons/2020/09/13/c64baeb0-f557-11ea-806b-edd5ab484cb0.png', 'community', 'VNote - 一个更懂程序员和Markdown的笔记', 1, 10000, '2020-10-29 10:32:46', NULL),
	(194, 7, 'Only Office 桌面办公', 'onlyoffice-desktopeditors', '5.6.4-20', 'The Only Office Project', 'shenmo', 'https://github.com/ONLYOFFICE/DesktopEditors', 'store/office/onlyoffice-desktopeditors/onlyoffice-desktopeditors_amd64.deb', '170.98 MB', 'https://examine-spark.oss-cn-shanghai.aliyuncs.com/icons/2020/09/21/84f776e0-fbee-11ea-8f32-83142ff3f0a3.png', 'ubuntu;deepin;uos', '界面神似MS Office的一款开源办公软件，功能略弱，颜值满分', 1, 10000, '2020-10-29 10:32:46', NULL),
	(195, 7, 'JabRef', 'jabref', '5.1.60000-1', 'JabRef开发团队', 'sgb76', 'http://www.jabref.org/', 'store/office/jabref/jabref_5.1-1_amd64.deb', '165.08 MB', 'https://examine-spark.oss-cn-shanghai.aliyuncs.com/icons/2020/09/27/410a8e00-0070-11eb-9e78-b1093d349938.png', 'deepin', '掌握文献收集、组织和发掘的有效方法', 1, 10000, '2020-10-29 10:32:46', NULL),
	(196, 7, 'Zim 桌面维基', 'zim', '0.73.2', ' ', 'sgb76', 'https://zim-wiki.org/', 'store/office/zim/zim_0.73.2_all.deb', '1.05MB', '', '', 'Zim是一款用于维护Wiki页面集合的图形文本编辑器。', 1, 10000, '2020-10-29 10:32:47', NULL),
	(197, 7, '一只番茄', 'top.yzzi.tomato', '1.0.4', '一只科技菌', '一只科技菌', 'https://blog.yzzi.top/', 'store/office/top.yzzi.tomato/top.yzzi.tomato_1.0.4_amd64.deb', '123.10KB', '', '', '一个超高颜值的番茄钟！', 1, 10000, '2020-10-29 10:32:47', NULL),
	(198, 7, 'Write', 'write', '3.0.0', ' ', 'sgb76', 'http://www.styluslabs.com/', 'store/office/write/Write_3.0.0_amd64.deb', '2.52MB', '', '', 'Write是一款出色的免费手写笔记应用程序，它适用于Windows、macOS、Linux、Android和iOS。它主要与有源触控笔配合使用，并可以在非触摸设备上使用。', 1, 10000, '2020-10-29 10:32:47', NULL),
	(199, 7, '蚂蚁笔记', 'com.leanote.net', '2.6.2', '若无（上海）信息科技有限公司', 'chaodn', 'https://leanote.com/', 'store/office/com.leanote.net/com.leanote.net_2.6.2_amd64.deb', '36.63MB', '', '', '蚂蚁笔记，有极客范的云笔记！\n前所未有的文档体验，近乎完美的平台覆盖，支持团队协同，企业级私有云\n蚂蚁笔记 = 笔记 + 博客 + 协作 + 私有云', 1, 10000, '2020-10-29 10:32:47', NULL),
	(200, 7, 'XMind', 'xmind-vana', '10.2.1-202008051959', ' ', 'sgb76', 'https://www.xmind.net/xmind2020/', 'store/office/xmind-vana/XMind-2020-for-Linux-amd-64bit-10.2.1-202008051959.deb', '60.50MB', '', '', 'XMind是一款跨平台的思维导图软件，支持Win、Mac、Linux和iOS，而且还能制作流程图、鱼骨图、二维图、树状图、逻辑图等，非常的实用。', 1, 10000, '2020-10-29 10:32:47', NULL),
	(201, 7, '极音创作', 'zenwriter', '1.3.5.8457', '小忙', '小忙', 'http://zen.jinlixian.com/', 'store/office/zenwriter/ZenWriter_installer.deb', '22.94MB', '', '', '极简快速的创作体验 - 小说创作的终极码字软件', 1, 10000, '2020-10-29 10:32:47', NULL),
	(202, 7, 'BookxNote Pro（wine）', 'com.bookxnote.spark', '2.0.0.1020spark0', 'BookxNote', 'anima', 'http://www.bookxnote.com/', 'store/office/com.bookxnote.spark/com.bookxnote.spark_2.0.0.1020spark0_i386.deb', '50.62 MB', 'https://examine-spark.oss-cn-shanghai.aliyuncs.com/icons/2020/10/14/3f3c30c0-0dd0-11eb-abca-ab5bacbb801e.png', 'deepin;uos;dwine5', 'BookxNote支持打开PDF和EPUB两种格式的电子书，自动导入书籍目录，还能自定义阅读书签;阅读时可对文档进行重点笔记标注，一边标注，一边对重点进行批注。标注的重点自动形成笔记大纲;标注重点的时候，笔记脑图可以窗口并列显示，方便整理自己对书籍的知识记忆。', 1, 10000, '2020-10-29 10:32:47', NULL),
	(203, 7, 'Freeplane', 'freeplane', '1.8.8~upstream-1', 'Freeplane', 'xingjiapeng', 'https://www.freeplane.org/', 'store/office/freeplane/freeplane_1.8.8~upstream-1_all.deb', '41.34 MB', 'https://examine-spark.oss-cn-shanghai.aliyuncs.com/icons/2020/10/08/24c8ed40-0930-11eb-86f4-199a9d5c470e.png', 'community', '开源的思维导图软件。', 1, 10000, '2020-10-29 10:32:47', NULL),
	(204, 7, '滴答清单', 'com.dida365.nonofficial', '1.0', ' ', '一只科技菌', ' ', 'store/office/com.dida365.nonofficial/com.dida365.nonofficial_1.0_all.deb', '44.30MB', '', '', '滴答清单国内版', 1, 10000, '2020-10-29 10:32:47', NULL),
	(205, 7, 'myBase Desktop', 'mybase-desktop', '7.3.5', 'Wjj Software', 'sgb76', 'http://www.wjjsoft.com/mybase_cn.html', 'store/office/mybase-desktop/mybase-desktop_7.3.5_amd64.deb', '14.74 MB', 'https://examine-spark.oss-cn-shanghai.aliyuncs.com/icons/2020/10/05/4fa59060-06e5-11eb-8c1f-d9b91156e5ef.png', 'deepin', 'myBase Desktop 是一款用于分类存储管理任意格式资料的小型个人数据库软件， 有助于个人用户在（Linux/MacOSX/Windows）桌面电脑系统上实施文档、知识、笔记、日记、图片和网页的分类存储和管理。 借助软件提供的各项功能，创建和维护一个专属于自己的个人知识库将变的相对简单快捷。', 1, 10000, '2020-10-29 10:32:47', NULL),
	(206, 7, '谷歌地球', 'google-earth-pro-stable', '7.3.3.7721-r0', 'Google', 'shenmo', ' ', 'store/office/google-earth-pro-stable/google-earth-pro-stable_current_amd64.deb', '53.44MB', '', '', '谷歌地球 [1]  （Google Earth，GE）是一款谷歌公司开发的虚拟地球软件，它把卫星照片、航空照相和GIS布置在一个地球的三维模型上。谷歌地球于2005年向全球推出，被《PC 世界杂志》评为2005年全球100种最佳新产品之一。用户们可以通过一个下载到自己电脑上的客户端软件，免费浏览全球各地的高清晰度卫星图片。Google地球分为免费版、专业版。', 1, 10000, '2020-10-29 10:32:47', NULL),
	(207, 7, '印象笔记（wine）', 'com.evernote.spark', '6.25', '北京印象笔记科技有限公司', 'sgb76', 'https://www.yinxiang.com/', 'store/office/com.evernote.spark/com.evernote.spark_6.25_i386.deb', '213.59 MB', 'https://examine-spark.oss-cn-shanghai.aliyuncs.com/icons/2020/09/26/fb7b8820-ffb2-11ea-b98c-01783628f795.png', 'deepin;dwine5', '随时随地获取、整理、分享笔记，让灵感时刻与你同行', 1, 10000, '2020-10-29 10:32:47', NULL),
	(208, 7, 'pdfsam', 'pdfsam-basic', '4.1.4-1', ' ', 'sgb76', 'https://pdfsam.org/', 'store/office/pdfsam-basic/pdfsam_4.1.4-1_amd64.deb', '54.41MB', '', '', 'PDFsam Basic是一款用来分割、合并、旋转、混合以及从PDF文件中提取页面的pdf工具软件，免费而且开源', 1, 10000, '2020-10-29 10:32:47', NULL),
	(209, 7, 'RedNotebook', 'rednotebook', '2.20', ' ', 'sgb76', 'https://rednotebook.sourceforge.io/index.html', 'store/office/rednotebook/rednotebook_2.20-0_202008022312_ubuntu20.04.1_all.deb', '384.11KB', '', '', 'RedNotebookj是一款桌面日记和日志软件，它支持Linux、Windows、Mac OS X等平台，它允许你格式化、标记和搜索条目。还可以添加图片、链接和自定义的模板，拼写检查笔记，以及导出为纯文本、HTML、Latex或PDF。', 1, 10000, '2020-10-29 10:32:47', NULL),
	(210, 7, '墨者', 'com.mozhes', '1.9.7', ' ', 'anima', 'https://www.mozhes.com/', 'store/office/com.mozhes/com.mozhes_1.9.7_amd64.deb', '59.14MB', '', '', '墨者是一个基于内容的兴趣社交互动平台。在这里，你可以摘下面具，放肆展现自己，和同好一起感受双倍快乐ヾ(๑╹◡╹)ﾉ', 1, 10000, '2020-10-29 10:32:47', NULL),
	(211, 7, 'TXT转Epub电子书 TmdTextEpub', 'tmdtextepub', '1.1.9', 'ystyle', 'jalawov', 'https://github.com/ystyle/TmdTextEpub', 'store/office/tmdtextepub/TmdTextEpub_1.1.9_all.deb', '2.16MB', '', '', '能把txt转化为epub的命令行小工具，使用方法：终端输入tmdtextepub', 1, 10000, '2020-10-29 10:32:47', NULL),
	(212, 7, 'zotero', 'zotero', '5.0.89-5', 'zotero', 'jerrywang', 'https://github.com/retorquere/zotero-deb', 'store/office/zotero/zotero_5.0.89-5_amd64.deb', '60.19 MB', 'https://examine-spark.oss-cn-shanghai.aliyuncs.com/icons/2020/09/05/91e1ee30-ef4b-11ea-b95b-bdb1632e5dd8.png', 'uos', '开源文献管理器. 官网: https://www.zotero.org/ 本deb包是由github大佬retorquere打包的', 1, 10000, '2020-10-29 10:32:48', NULL),
	(213, 7, '有道云笔记（Wine）', 'com.youdao.note.spark', '6.10.1spark0', ' ', 'gtjmaster(主), anima(副)', 'http://note.youdao.com/', 'store/office/com.youdao.note.spark/com.youdao.note.spark_6.10.1spark0_i386.deb', '326.46MB', '', '', '文字/图片/语音/手写/OCR/Markdown等多种形式，随时随地记录你的精彩。全面兼容office、PDF等办公常用文档，无需下载即可查看编辑。', 1, 10000, '2020-10-29 10:32:48', NULL),
	(214, 7, 'Joplin', 'joplin', '1.0.245', 'laurent22', 'jerrywang', 'https://github.com/laurent22/joplin', 'store/office/joplin/joplin_1.0.245_a2d_amd64.deb', '116.31 MB', 'https://examine-spark.oss-cn-shanghai.aliyuncs.com/icons/2020/09/15/8b0b9500-f75e-11ea-a87e-25b3d26dd30f.png', 'community;uos;a2d', '一个具有同步能力的开源笔记和待办事项应用程序，兼容的Windows, macOS, Linux, Android和iOS。', 1, 10000, '2020-10-29 10:32:48', NULL),
	(215, 7, '极速pdf（wine）', 'com.jisupdf.spark', '3.0.0.3', 'Jisuservice, Inc', 'sgb76', 'https://www.jisupdf.com/', 'store/office/com.jisupdf.spark/com.jisupdf.spark_3.0.0.3_i386.deb', '382.41 MB', 'https://examine-spark.oss-cn-shanghai.aliyuncs.com/icons/2020/09/10/0cdf9450-f34a-11ea-832a-f17f36aaea26.png', 'deepin;dwine5', '一款漂亮实用的PDF工具软件，包含PDF阅读、转换、编辑等三大模块。基于deepin-wine5打包，已知问题：在转换模块有部分文字显示为方框。其他界面显示和功能基本正常', 1, 10000, '2020-10-29 10:32:48', NULL),
	(216, 7, 'Indicator Stickynotes', 'indicator-stickynotes', '0.5.9-7', ' ', 'sgb76', 'https://github.com/umangv/indicator-stickynotes', 'store/office/indicator-stickynotes/indicator-stickynotes_0.5.9-7_amd64.deb', '50.47KB', '', '', 'Indicator Stickynotes是一个用于Linux的便签应用程序，它在系统托盘中运行，作为后台服务，该应用程序非常轻量级，具有许多有用的功能，使其成为一个有吸引力的笔记应用程序，如平面界面、笔记的导入和导出、可自定义的便签颜色等。', 1, 10000, '2020-10-29 10:32:48', NULL),
	(217, 7, 'boostnote', 'boostnote', '0.16.1-1', 'BoostIO', 'jerrywang', 'https://github.com/BoostIO/boost-releases/', 'store/office/boostnote/boostnote_0.16.1_amd64.deb', '70.95 MB', 'https://examine-spark.oss-cn-shanghai.aliyuncs.com/icons/2020/09/15/d20d40f0-f75b-11ea-ac21-fd804d8cef84.png', 'uos', '面向开发人员的直观，时尚的markdown笔记应用程序。', 1, 10000, '2020-10-29 10:32:48', NULL),
	(218, 7, 'QOwnNotes', 'qownnotes', '20.9.11-1', 'Patrizio Bekerle', 'sgb76', 'https://www.qownnotes.org/', 'store/office/qownnotes/qownnotes_20.9.11-1_amd64.deb', '3.82 MB', 'https://examine-spark.oss-cn-shanghai.aliyuncs.com/icons/2020/09/25/1eeff900-ff3e-11ea-8e50-05bdd3fcef0b.png', 'deepin', 'QOwnNotes是一款支持Markdown和ownCloud同步的文本编辑器。可以对文本添加注释，支持文字和字符串搜索，搜索结果高亮显示，可以对文件进行加密。笔记和ownCloud服务器同步，可以从ownCloud服务器恢复旧版本和已删除版本。', 1, 10000, '2020-10-29 10:32:48', NULL),
	(219, 7, '灯果写作（wine）', 'com.idengguo.dcs', '3.0.0', '北京灯果网络科技有限公司', 'zty199', 'https://www.idengguo.com/', 'store/office/com.idengguo.dcs/com.idengguo.dcs_3.0.0_i386.deb', '102.29MB', '', '', '网文码字，就用灯果写作！专业团队打造，专为网文创作者而生的码字工具！在这里，我们给你更专注 更纯粹的创作空间，给你更温暖、更贴心的写作服务。你可以随时随地的在这里享受自己的世界，记录灵感，创作精妙绝伦的故事！', 1, 10000, '2020-10-29 10:32:48', NULL),
	(220, 7, 'WizNotePlus', 'wiznoteplus', '2.8.1', 'wiznoteplus', 'jerrywang', 'https://github.com/altairwei/WizNotePlus', 'store/office/wiznoteplus/wiznoteplus_2.8.1_amd64.deb', '105.62MB', '', '', '为知笔记客户端的社区分支版', 1, 10000, '2020-10-29 10:32:48', NULL),
	(221, 7, 'WPS 2019 官网版', 'wps-office', '11.1.0.9662', 'WPS Team', 'shenmo', 'https://linux.wps.cn/', 'store/office/wps-office/wps-office_11.1.0.9662_amd64.deb', '286.61MB', '', '', 'WPS Office 的官网版本，相比于官方商店的社区版没有了缓慢的字体获取过程，不会卡住20分钟了～', 1, 10000, '2020-10-29 10:32:48', NULL),
	(222, 7, 'AO', 'ao', '6.9.0-392', 'klaussinani', '一只科技菌', 'https://github.com/klaussinani/ao', 'store/office/ao/ao_6.9.0_amd64.deb', '49.64MB', '', '', '一个微软to-do的第三方客户端', 1, 10000, '2020-10-29 10:32:48', NULL),
	(223, 7, '万彩办公大师（wine）', 'com.officebox.spark', '3.0.7.spark0', '广州万彩信息技术有限公司', 'sgb76', 'http://www.wofficebox.com/', 'store/office/com.officebox.spark/com.officebox.spark_3.0.7.spark0_i386.deb', '29.74 MB', 'https://examine-spark.oss-cn-shanghai.aliyuncs.com/icons/2020/09/17/420efc90-f897-11ea-ae54-f9a537591ca9.png', 'deepin;dwine5', '万彩办公大师是一款办公必备的小工具百宝箱。软件里集合了60+个小工具，一个软件即可搞定90%的工作需求。由于是wine打包，不能保证所有工具都可以正常使用，初步测试：pdf与word、excel、ppt文件之间的相互转换总是失败，原因不明；其它工具使用基本正常，仅供尝鲜。', 1, 10000, '2020-10-29 10:32:48', NULL),
	(224, 7, '智速ocr文字识别', 'zhisuocr', '1.1.10', '郑州壶丘子软件科技有限公司', 'sgb76', 'https://ocr.psing.tech/', 'store/office/zhisuocr/zhisuocr_1.1.10_amd64.deb', '50.42MB', '', '', '专业OCR软件，识别更精准、更快速，性能卓越，识别率高', 1, 10000, '2020-10-29 10:32:48', NULL),
	(225, 7, '橙瓜码字（wine）', 'com.chenggua.mz.spark', '1.5.7spark0', '杭州富文网络科技有限公司', 'zty199', 'http://mz.chenggua.com/', 'store/office/com.chenggua.mz.spark/com.chenggua.mz.spark_1.5.7spark0_i386.deb', '165.70MB', '', 'deepin;uos;dwine5', '橙瓜码字是一款颜值与功能并存的码字软件，支持 Windows / Mac OS / LINUX / iOS / Android 系统，电脑、手机多端同步,支持多端覆盖存储、数据统计、实时计算码字速度和每天码字记录、设定稿费标准进行稿费计算等功能；取名助手可以帮助随机生成人名、地名、武器、功法等名字；小黑屋功能以及敏感词检测功能；时光机功能，每章有十个云端备份以及一个本地备份，不担心丢稿。设计界面上支持自定义背景皮肤，护眼模式让人码字眼睛不再疲劳，极具人性化体验。导入导出功能支持多种文本的导入和导出，方便用户对文件进行转换存储。', 1, 10000, '2020-10-29 10:32:48', NULL),
	(226, 7, 'Mind Flash', 'mind-flash', '1.0.0-1', 'iamhyc', 'iamhyc', 'https://github.com/iamhyc', 'store/office/mind-flash/mind-flash_1.0.0_all.deb', '96.19 KB', 'https://examine-spark.oss-cn-shanghai.aliyuncs.com/icons/2020/09/07/288e09c0-f101-11ea-a266-d1116583a565.png', 'community', 'Mind Flash，一个使用PyQt5开发的个人信息管理工具，按照时间流记录和展示您的 文字/截图/文件 内容。', 1, 10000, '2020-10-29 10:32:49', NULL),
	(227, 7, '妙笔', 'wonderpen', '1.7.9.5225', '原子客栈 (Atominn)', 'zty199', 'https://www.atominn.com/wonderpen', 'store/office/wonderpen/wonderpen_1.7.9_a2d.deb', '68.58MB', '', '', '妙笔是一款专业的写作软件，致力于为写作者们提供专注且流畅的写作体验。', 1, 10000, '2020-10-29 10:32:49', NULL),
	(228, 7, 'notion', 'notion-desktop', '2.0.8-win', 'davidbailey00', 'jerrywang', 'https://github.com/davidbailey00/notion-deb-builder', 'store/office/notion-desktop/notion-desktop_2.0.8-win_amd64.deb', '80.38MB', '', '', '一个将笔记、任务管理和知识库相结合的跨平台协作工具, 非常好的笔记软件. 官网: https://notion.so本软件是非官方包, 是github大神的在debian上的移植, 效果和win上的差不多, 可在有缓存的情况下离线编辑', 1, 10000, '2020-10-29 10:32:49', NULL),
	(229, 7, '微秘（wine））', 'wemind.spark', '2.2.3', '微秘科技（深圳）有限公司', 'sgb76', 'http://wemind.cn/', 'store/office/wemind.spark/wemind.spark_2.2.3_i386.deb', '144.59 MB', 'https://examine-spark.oss-cn-shanghai.aliyuncs.com/icons/2020/09/08/841874e0-f1a3-11ea-bdc7-6342dba2a5ed.png', 'deepin', '  一站式数字助手，笔记、日历、待办、打卡及更多，一款应用来搞定，强大又省心，让生活、学习、工作都井井有条', 1, 10000, '2020-10-29 10:32:49', NULL),
	(230, 7, 'Stellarium', 'stellarium', '0.20.2', 'Stellarium团队', 'chaodn', 'http://stellarium.org/', 'store/office/stellarium/stellarium_0.20.2_a2d.deb', '220.63MB', '', '', 'Stellarium 是一款开源的天象模拟软件。它以3D形式展示了极为逼真的星空，就像你在真实世界使用裸眼，双筒望远镜或天文望远镜看到的一样。', 1, 10000, '2020-10-29 10:32:49', NULL),
	(231, 7, '笔神（wine）', 'ink.bishen.dcs', '3.1.12+3', '北京一笔两划科技有限公司', 'zty199', 'https://bishen.ink/', 'store/office/ink.bishen.dcs/ink.bishen.dcs_3.1.12_plus_3_i386.deb', '69.80MB', '', '', '笔神是一款电脑端写作工具，笔神不仅支持markdown，还提供了树形目录管理可以让你更好的管理自己已完成的章节。笔神电脑版的界面非常简单，还提供了自动存储功能，登录账号即可获取已保存的内容，不用担心写到一半因为特殊原因导致的文档丢失。\nP.S.由于现有服务器没有统计下载量的方式，只能在安装deb包的时候用我们的反馈邮箱发一封邮件，以此来统计下载数量。如果给您造成不便，请您谅解。', 1, 10000, '2020-10-29 10:32:49', NULL),
	(232, 7, 'Typora', 'io.typora', '6.1.5-2', 'typora.io', 'Maicss', 'https://www.typora.io/#', 'store/office/io.typora/io.typora_6.1.5-2_amd64.deb', '56.2M', '', '', '一个被广泛欢迎的简洁的Markdown编辑器。\ndeepin官方商店中该软件存在无法关联文件的问题，在这里修复了这个问题。', 1, 10000, '2020-10-29 10:32:49', NULL),
	(233, 7, 'Yosoro', 'yosoro', '1.1.7-1', 'IceEnd', 'anima', 'https://yosoro.coolecho.net/', 'store/office/yosoro/yosoro-linux.deb', '49.20MB', '', '', '简单纯粹可爱呆萌的开源免费跨平台 Markdown 笔记软件。', 1, 10000, '2020-10-29 10:32:49', NULL),
	(234, 7, 'cajviewer', 'cajviewer', '1.0', 'cnki', 'zhangn1985', 'https://cajviewer.cnki.net/', 'store/office/cajviewer/cajviewer_1.0_amd64.deb', '15.55MB', '', '', '中国知网', 1, 10000, '2020-10-29 10:32:49', NULL),
	(235, 7, 'Gridea', 'gridea', '0.9.2', ' ', 'Diego', 'https://gridea.dev/', 'store/office/gridea/gridea_0.9.2_amd64.deb', '52.78MB', '', '', 'Gridea是一个静态博客写作客户端，配合github即可食用！', 1, 10000, '2020-10-29 10:32:49', NULL),
	(236, 7, 'TickTick', 'com.ticktick.nonofficial', '1.0', ' ', '一只科技菌', ' ', 'store/office/com.ticktick.nonofficial/com.ticktick.nonofficial_1.0_all.deb', '44.30MB', '', '', 'TickTick（滴答清单国际版）', 1, 10000, '2020-10-29 10:32:49', NULL),
	(237, 7, 'GoldenDict', 'goldendict', '1.5.0~rc2+git20201010+ds-1', 'GoldenDict', '咸粽子', 'http://goldendict.org/', 'store/office/goldendict/goldendict_1.5.0~rc2_plus_git20201010_plus_ds-1_amd64.deb', '3.2 MB', 'https://examine-spark.oss-cn-shanghai.aliyuncs.com/icons/2020/10/09/41392930-0a62-11eb-ba90-7365d217280d.png', 'deepin', 'GoldenDict 是功能丰富的字典查找程序，支持多种字典格式（StarDict/Babylon/Lingvo/Dictd/AARD/MDict/SDict）和在线字典，具有完善的文章呈现功能，并带有完整的标记，插图和其他内容。', 1, 10000, '2020-10-29 10:32:49', NULL),
	(238, 12, 'XiaoMiTool（XMT2）', 'com.xiaomitool', '20.7.28', 'XiaoMiTool', '一只科技菌', 'https://www.xiaomitool.com/', 'store/others/com.xiaomitool/com.xiaomitool_20.7.28_amd64.deb', '77.71MB', '', '', '小米bl解锁工具哦！！！', 1, 10000, '2020-10-29 10:32:49', NULL),
	(239, 12, 'opentoonz', 'io.github.opentoonz', '1.4', 'toonz', 'cht', 'https://opentoonz.github.io', 'store/others/io.github.opentoonz/io.github.opentoonz_1.4_amd64.deb', '153.60MB', '', '', '宫崎骏御用软件', 1, 10000, '2020-10-29 10:32:49', NULL),
	(240, 12, '微软核心字体', 'ms-core-fonts', '1.0', 'Microsoft', 'shenmo', ' ', 'store/others/ms-core-fonts/ms-core-fonts_1.0_i386.deb', '16.72MB', '', '', '微软核心字体包，WPS官网版以及商店部分Wine应用需要使用。', 1, 10000, '2020-10-29 10:32:49', NULL),
	(241, 12, 'IGV', 'org.igv', '2.8.2', ' ', 'shenmo', ' ', 'store/others/org.igv/org.igv_2.8.2_all.deb', '79.28MB', '', '', '开源的调音软件', 1, 10000, '2020-10-29 10:32:49', NULL),
	(242, 12, 'Seetong', 'com.seetong.nvr.jwyh.spark', '4.0spark0', '深圳市天视通电子科技有限公司', 'jwyh', 'http://nvr.seetong.com/', 'store/others/com.seetong.nvr.jwyh.spark/com.seetong.nvr.jwyh.spark_4.0spark0_all.deb', '13.82MB', '', '', '基于deepin-wine5打包制作（已在依赖中添加deepin-wine5）。\nSeetong是所有Seetong云设备的远程监控客户端。该APP主要功能包括：用户注册，快捷添加云设备，设备列表智能排序，实时图像预览、对讲、录像、截屏，画面分割，轮巡，横屏或竖屏显示，不同网络环境播放模式选择，告警推送，远程录像回放，本地相册和录像回放管理等。', 1, 10000, '2020-10-29 10:32:49', NULL),
	(243, 12, 'natron', 'io.github.natrongithub', '2.3.15', ' ', 'cht', 'https://natrongithub.github.io/', 'store/others/io.github.natrongithub/io.github.natrongithub_2.3.15_amd64.deb', '180.16MB', '', '', '视觉效果和动态图形行业的跨平台开源合成软件.Natron是功能强大的数字合成器，可以满足您的2D / 2.5D需求。Natron强大的OIIO文件格式和OpenFX架构使Natron成为视觉效果社区最灵活的开源合成器。在所有平台（如MacOS，Linux和Windows）上，其界面和功能均相同。Natron具有功能强大的抠像，roto / rotopaint，2D跟踪工具，是当前所有需要视觉效果的电影制作项目的必备工具', 1, 10000, '2020-10-29 10:32:49', NULL),
	(244, 12, '小乐数学 zzllrr Mather (网页应用)', 'zzllrr-mather', '1.0.0', ' ', 'shenmo', ' ', 'store/others/zzllrr-mather/zzllrr-mather_1.0.0_all.deb', '6.11KB', '', '', '一款网页的数学工具箱请注意：spark-web-core尚不稳定，欢迎到主页应用反馈区报bug', 1, 10000, '2020-10-29 10:32:49', NULL),
	(245, 12, '萌研社与熊论道', 'bear-say', '1.0.0', ' ', 'anima', ' ', 'store/others/bear-say/bear-say_1.0.0_all.deb', '94.68KB', '', '', '萌研社与熊论道。', 1, 10000, '2020-10-29 10:32:49', NULL),
	(246, 12, '一只二维码', 'top.yzzi.onecuter', '1.1', '一只科技菌', '一只科技菌', 'https://blog.yzzi.top', 'store/others/top.yzzi.onecuter/top.yzzi.onecuter_1.1_amd64', '282.28KB', '', '', '一个可爱风格的二维码生成器', 1, 10000, '2020-10-29 10:32:49', NULL),
	(247, 12, 'Windows 95', 'windows95', '2.2.1', 'felixrieseberg', 'Anysets', 'https://github.com/felixrieseberg/windows95', 'store/others/windows95/windows95-linux-2.2.1_amd64.deb', '224.88MB', '', '', '基于 Electron 运行的 Windows 95 操作系统。支持 macOS，Linux 以及 Windows 平台。', 1, 10000, '2020-10-29 10:32:49', NULL),
	(248, 12, 'R-Linux数据恢复', 'rlinux', '5.6.175721', ' ', 'sgb76', 'https://www.r-tt.com/', 'store/others/rlinux/RLinux5_i386.deb', '59.15MB', '', '', 'R-Linux是Linux中使用的Ext2 / Ext3 / Ext4 FS文件系统的免费文件恢复实用程序。 R-Linux使用InteligentScan技术，并通过灵活的参数设置为Linux平台提供最快、最可靠的文件恢复。', 1, 10000, '2020-10-29 10:32:49', NULL),
	(249, 12, 'vysor', 'vysor', '3.1.4', ' ', 'sgb76', 'https://vysor.io/manual', 'store/others/vysor/vysor_3.1.4_amd64.deb', '62.75MB', '', '', 'A Window to Your Android', 1, 10000, '2020-10-29 10:32:50', NULL),
	(250, 12, 'QtScrcpy', 'qtscrcpy', '1.3.1', 'Barry', 'anima', 'https://gitee.com/Barryda/QtScrcpy', 'store/others/qtscrcpy/qtscrcpy_1_3_1_deepinv20_beta_x64.deb', '24.53MB', '', '', 'Android实时投屏软件，此应用程序提供USB(或通过TCP/IP)连接的Android设备的显示和控制。它不需要任何root访问权限。', 1, 10000, '2020-10-29 10:32:50', NULL),
	(251, 12, 'Moneydance', 'moneydance', '2019', ' ', 'sgb76', 'http://moneydance.com/', 'store/others/moneydance/moneydance_linux_amd64.deb', '117.41MB', '', '', 'Moneydance是一款易于使用的个人理财软件，具有所需的所有功能：在线银行和账单支付，帐户管理，预算和投资跟踪。Moneydance可以轻松处理多种货币以及几乎任何财务任务。', 1, 10000, '2020-10-29 10:32:50', NULL),
	(252, 12, 'Macintosh System 8', 'macintosh.js', '1.0.5', 'felixrieseberg', 'Anysets', 'https://github.com/felixrieseberg/macintosh.js', 'store/others/macintosh.js/macintosh.js_1.0.5_amd64.deb', '187.78MB', '', '', '基于 Electron 运行的虚拟苹果 Macintosh 计算机，搭载第 8 版操作系统。', 1, 10000, '2020-10-29 10:32:50', NULL),
	(253, 12, 'Cryptomator', 'cryptomator', '1.5.5', ' ', 'qygw', ' ', 'store/others/cryptomator/cryptomator-1.5.5_amd64.deb', '50.52MB', '', '', '一个实用友好的加密文件管理器，基于qt5', 1, 10000, '2020-10-29 10:32:50', NULL),
	(254, 12, 'ppet', 'ppet', '1.2.1+1', 'zenghongtu', '乾一巽五', 'https://github.com/zenghongtu/PPet', '', '50.8MB', '', '', '在你桌面上放个看板娘！可调戏的哟！', 1, 10000, '2020-10-29 10:32:50', NULL),
	(255, 12, 'SweetHome3D', 'sweethome3d', '6.4.2', ' ', 'sgb76', 'http://www.sweethome3d.com/', 'store/others/sweethome3d/sweethome3D_6.4.2_amd64.deb', '49.07MB', '', '', 'Sweet Home 3D是一个免费的室内设计应用程序 ，可帮助您绘制房屋平面图，布置家具并以3D形式访问结果', 1, 10000, '2020-10-29 10:32:50', NULL),
	(256, 12, 'CrossOver for deepin', 'crossover-deepin', '17.1.0-1', 'codeweavers & Linux Deepin', 'chaodn', ' ', 'store/others/crossover-deepin/crossover-deepin_17.1.0-1_i386.deb', '151.95MB', '', '', 'CrossOver deepin定制版，通过蹲守apt archieves获取得到安装包。请注意：不保证在非deepin发行版的使用效果', 1, 10000, '2020-10-29 10:32:50', NULL),
	(257, 12, 'G语翻译器', 'gaster-translator', '1.0.0', ' ', 'shenmo', 'http://www.shenmo.tech:420/', 'store/others/gaster-translator/gaster-translator_1.0.0_all.deb', '308.01KB', '', '', 'UT玩家的福利', 1, 10000, '2020-10-29 10:32:50', NULL),
	(258, 10, '一键息屏 one key shut screen', 'one-key-shut-screen', '1.0.0', 'shenmo', 'shenmo', 'http://www.shenmo.tech:666/', 'store/tools/one-key-shut-screen/one-key-shut-screen_1.0.0_amd64.deb', '15.48KB', '', 'community;deepin;uos;ubuntu', '学 生 党 必 备 \n摸 鱼 族 必 备', 1, 10000, '2020-10-29 10:32:50', NULL),
	(259, 10, '优效日历（wine）', 'com.yxcalendar.spark', '2.0.9.5.spark0', 'Anders Norén', 'sgb76', 'http://www.youxiao.cn/', 'store/tools/com.yxcalendar.spark/com.yxcalendar.spark_2.0.9.5.spark0_i386.deb', '9.17 MB', 'https://examine-spark.oss-cn-shanghai.aliyuncs.com/icons/2020/09/18/1b903900-f9a8-11ea-af05-7fb590ba7e08.png', 'deepin;dwine5', '一款具有 Win10 风格的桌面日历软件，并自带许多实用小功能。\n已知问题：部分小工具输入文字时不显示文字，但实际可以输入，也可以粘贴文字，不影响使用', 1, 10000, '2020-10-29 10:32:50', NULL),
	(260, 10, '深度便签本', 'dtkstickynotes', '0.0.4+spark2', 'RubbishZhYic', 'shenmo', 'https://github.com/ZhongYic00/DTKstickyNotes/', 'store/tools/dtkstickynotes/dtkstickynotes_0.0.4_plus_spark2_amd64.deb', '274.49 KB', 'https://examine-spark.oss-cn-shanghai.aliyuncs.com/icons/2020/10/12/59d3a2f0-0c6e-11eb-945e-35b98d284b93.png', 'community;deepin;uos;dtk5', '基于dtk开发的一款便签软件。具有集中式便签管理器、托盘组件与独立式便笺窗口，支持富文本编辑与粘贴，支持插入本地图片并自动缩放，支持搜索内容文本，特性众多，UI契合DDE', 1, 10000, '2020-10-29 10:32:50', NULL),
	(261, 10, '深度终端', 'deepin-terminal-legacy', '3.2.1.1+ds1-1', 'Deepin', 'Debian Deepin Packaging Team', 'https://github.com/linuxdeepin/deepin-terminal-old', 'store/tools/deepin-terminal-legacy/deepin-terminal-legacy_3.2.1.1_plus_ds1-1_amd64.deb', '348.37KB', '', 'deepin;uos;ubuntu', '深度终端旧版，从 Debian 软件仓库下载并重新打包的，与新版终端可以共存。\n\nP.S. 新旧两版终端配置文件似乎不通用，位置在 ~/.config/deepin/deepin-terminal/ ，里面的远程服务器配置文件建议清空后再使用。\n\nP.S. https://github.com/linuxdeepin/deepin-terminal-old 也可以下载到旧版本终端。', 1, 10000, '2020-10-29 10:32:50', NULL),
	(262, 10, '星火商店投稿器', 'spark-store-submitter', '2.0.5', '乾一巽五', 'zty199', 'https://gitee.com/deepin-community-store/dcs-submitter', 'store/tools/spark-store-submitter/spark-store-submitter_2.0.5_amd64.deb', '22.95MB', '', 'community;deepin;uos;ubuntu', '充满二次元风格的社区商店投稿器，由社区商店维护组开发大佬乾一巽五开发，由zty199维护。\n来嘛～来投稿嘛～\n【更新日志】\nversion 2.0.5 :\n修复 More 后面缺失逗号的问题；删除 Tags 结尾多余的分号。', 1, 10000, '2020-10-29 10:32:50', NULL),
	(263, 10, '星火商店Appimage转制器', 'a2d', '0.7+spark', 'maicss', 'shenmo', ' ', 'store/tools/a2d/a2d_0.7_plus_spark2_amd64.deb', '289.24KB', '', 'community,ubuntu,depin,uos', '社区商店Appimage转制器，配合投递器，快速投稿商店必备哦～', 1, 10000, '2020-10-29 10:32:50', NULL),
	(264, 10, 'Intel核心管理器', 'dde-pstate', '0.2.0', '搬运自网络', '奇点法则', 'Q群：226570931', 'store/tools/dde-pstate/dde-pstate_0.2.0_all.deb', '74.25KB', '', 'community;deepin;dtk5', '适用于Intel平台的核心频率管理器,仅支持deepin', 1, 10000, '2020-10-29 10:32:50', NULL),
	(265, 10, 'Komorebi', 'komorebi', '2.2.0-1', 'Komorebi-Fork', 'anima', 'https://github.com/Komorebi-Fork/komorebi', 'store/tools/komorebi/komorebi_2.2.1-1_amd64.deb', '30.79 MB', 'https://examine-spark.oss-cn-shanghai.aliyuncs.com/icons/2020/10/25/67e77340-166d-11eb-a815-b9186224f79a.png', 'ubuntu;deepin;uos', 'Komorebi - Animated Wallpapers for Linux', 1, 10000, '2020-10-29 10:32:50', NULL),
	(266, 10, 'CopyQ', 'copyq', '3.12.0-1', 'hluk', '咸粽子', 'https://hluk.github.io/CopyQ/', 'store/tools/copyq/copyq_3.12.0_amd64.deb', '1.69 MB', 'https://examine-spark.oss-cn-shanghai.aliyuncs.com/icons/2020/10/09/ef999010-09f8-11eb-a2ff-494e908702ee.png', 'deepin', 'CopyQ 是具有编辑和脚本功能的高级剪贴板管理器。', 1, 10000, '2020-10-29 10:32:50', NULL),
	(267, 10, 'Timeshift', 'timeshift', '20.03', 'teejee2008', 'Anysets', 'https://github.com/teejee2008/timeshift', 'store/tools/timeshift/timeshift-v20.03-amd64.deb', '646.34KB', '', '', 'Timeshift是一款Linux系统备份恢复工具。通过使用 rsync + 硬链接方式或 BTRFS 快照创建系统备份。支持定时备份，多重备份等级以及过滤文件。备份可以在系统运行时恢复，或者通过Live环境（CD/USB等介质）恢复。', 1, 10000, '2020-10-29 10:32:50', NULL),
	(268, 10, 'DoubleCmd', 'doublecmd-spark', '0.9.9', 'alexx2000', 'sgb76', 'http://doublecommander.com/', 'store/tools/doublecmd-spark/doublecmd-spark_0.9.9_amd64.deb', '8.6 MB', 'https://examine-spark.oss-cn-shanghai.aliyuncs.com/icons/2020/10/24/022e9e00-1601-11eb-a7c0-69b548b51249.png', 'deepin', 'Double Commander是一款具有两个并排面板的跨平台开源文件管理器', 1, 10000, '2020-10-29 10:32:50', NULL),
	(269, 10, 'VMware-Workstation', 'vmware-workstation-installer', '15.5.6-16341506', 'VMware', 'Maicss', 'https://www.vmware.com', 'store/tools/vmware-workstation-installer/VMware-Workstation-Full-15.5.6-16341506.x86_64.deb', '504.6M', '', '', 'VMware Workstation Pro 是将多个操作系统作为虚拟机 (VM) 在单台 Linux 或 Windows PC 上运行的行业标准。为任何设备、平台或云环境构建、测试或演示软件的 IT 专业人员、开发人员和企业都可以信赖 Workstation Pro。\n*这是一个安装器，安装完成之后需要在启动台中打开 VMware-Workstation-Installer 继续完成安装。\n*卸载 VMware 时请在终端中执行 sudo vmware-installer -u vmware-workstation 正确卸载程序。卸载完成后可以在启动台右键单机卸载来卸载安装器。', 1, 10000, '2020-10-29 10:32:51', NULL),
	(270, 10, 'AppImage安装器', 'appimage-installer', '1.0.3', 'Maicss', 'Maicss', 'https://gitee.com/Maicss/appimage-installer', 'store/tools/appimage-installer/appimage-installer_1.0.3_amd64.deb', '30.5KB', '', 'community;deepin;uos;dtk5', '他可以非常快速方便的将AppImage软件添加到开始菜单，这会为你节省很多时间。', 1, 10000, '2020-10-29 10:32:51', NULL),
	(271, 10, 'systemd-swap-gui', 'systemd-swap-gui', '0.1.1', 'MeowSprite', 'shamate', 'https://github.com/MeowSprite/swap-control-gui', 'store/tools/systemd-swap-gui/systemd-swap-gui0.1.1.deb', '47.37KB', '', '', '这个程序基于systemd和systemd-swap来动态管理swap的gui程序 关于zswap: zswap是一个linux下实现的内存压缩技术，实现在ram中压缩内存来缓解内存不足，也避免了内存换出的消耗', 1, 10000, '2020-10-29 10:32:51', NULL),
	(272, 10, '系统助手', 'sysbro', '0.9.9', 'rekols and the AtzLinux Team', 'shenmo', ' ', 'store/tools/sysbro/sysbro_0.9.9-20200218atzlinux_amd64.deb', '180.36KB', '', '', 'rekols开发的一款美观实用的系统助手，适用于ubuntu/deepin', 1, 10000, '2020-10-29 10:32:51', NULL),
	(273, 10, '任务栏显卡切换插件', 'switch-graphics-card', '1.5', 'zty199', 'zty199', 'https://github.com/zty199/dde-dock-switch_graphics_card', 'store/tools/switch-graphics-card/switch-graphics-card_1.5_amd64.deb', '148.25KB', '', '', 'dde-dock 显卡切换插件，在任务栏显示图标方便快速切换显卡。\n修改自论坛大佬 chanforever 的切换显卡插件，原贴地址：https://bbs.deepin.org/forum.php?mod=viewthread&tid=197280\n【更新日志】\nv1.5:\n1. prime-run 支持运行桌面快捷方式\n2.图标支持跟随系统主题颜色变化', 1, 10000, '2020-10-29 10:32:51', NULL),
	(274, 10, '一个木函工具箱', 'woodbox-desktop', '0.1.0', 'yeliulee', 'yeliulee（sgb76投稿）', 'https://web.woobx.cn/', 'store/tools/woodbox-desktop/woodbox-desktop_0.1.0_amd64.deb', '45.51 MB', 'https://examine-spark.oss-cn-shanghai.aliyuncs.com/icons/2020/10/11/60005f90-0bb7-11eb-97bb-077cbe5cde25.png', 'deepin', '一个方便快捷的集合类工具箱', 1, 10000, '2020-10-29 10:32:51', NULL),
	(275, 10, 'GuanJi', 'GuanJi', '1.2', 'liu', 'liu', ' ', 'store/tools/GuanJi/GuanJi.deb', '24.96MB', '', 'community;deepin;uos;dtk5;ubuntu', '基于dtk的关机小程序，有关机重启定时关机功能', 1, 10000, '2020-10-29 10:32:51', NULL),
	(276, 10, '以管理员身份打开文件（夹）', 'admin-xdg-open', '1.1.1', 'zty199', 'zty199', 'https://gitee.com/zty199/', 'store/tools/admin-xdg-open/admin-xdg-open_1.1.1_all.deb', '1.64KB', '', 'community;deepin;uos', '利用 xdg-open 以管理员身份直接打开文件（夹），避免文件管理器假死。', 1, 10000, '2020-10-29 10:32:51', NULL),
	(277, 10, '共享文件夹', 'sendbylan', '1.5', 'Maicss', 'Maicss', 'https://gitee.com/Maicss/SendByLAN', 'store/tools/sendbylan/SendByLAN_v1.5.deb', '52.8Kb', '', 'community;deepin;uos', '这是一个简易的文件夹共享插件，集成到文件管理器右键中，仅支持deepin文件管理器。', 1, 10000, '2020-10-29 10:32:51', NULL),
	(278, 10, '必应好壁纸', 'bingnicewallpapers', '5.0-1', 'iMath', 'lenke', 'https://www.cnblogs.com/iMath/p/BingNiceWallpapers.html', 'store/tools/bingnicewallpapers/bingnicewallpapers_5.0-1_all.deb', '1.94MB', '', 'ubuntu', '将为你的桌面注入新的活力，它每天都会为你更新来自微软必应搜索的高品质壁纸！', 1, 10000, '2020-10-29 10:32:51', NULL),
	(279, 10, '超级工具箱（xjavafxtools）', 'xjavafxtool', '0.2.3+sm1', 'xwintop', 'shenmo', ' ', 'store/tools/xjavafxtool/xjavafxtool_0.2.3_plus_sm1_amd64.deb', '76.45MB', '', '', '成吨的插件～超级好用～', 1, 10000, '2020-10-29 10:32:51', NULL),
	(280, 10, 'TLP 设置', 'python3-tlpui', '1.3.1-1', 'Daniel Christophis', 'lidanger', 'https://github.com/d4nj1/TLPUI', 'store/tools/python3-tlpui/python3-tlpui_1.3.1-1_all.deb', '56.46 KB', 'https://examine-spark.oss-cn-shanghai.aliyuncs.com/icons/2020/10/24/06e192a0-159c-11eb-b57a-2596064cdd9a.png', 'deepin;ubuntu', 'GTK UI for tlp (Python 3)', 1, 10000, '2020-10-29 10:32:51', NULL),
	(281, 10, 'Alacritty', 'alacritty', '0.5.0-1', 'Alacritty', '咸粽子', 'https://github.com/alacritty/alacritty', 'store/tools/alacritty/alacritty_0.5.0-1_amd64.deb', '1.59 MB', 'https://examine-spark.oss-cn-shanghai.aliyuncs.com/icons/2020/10/09/f17fd510-0a20-11eb-8800-6dcca473536c.png', 'deepin', 'Alacritty 是一款非常注重性能的终端仿真器。', 1, 10000, '2020-10-29 10:32:51', NULL),
	(282, 10, '任务栏系统监视器', 'dde-dock-monitor-plugin', '1.6spark0', '孟诗远', 'shemmo', 'https://github.com/q77190858/dde-sys-monitor-plugin', 'store/tools/dde-dock-monitor-plugin/dde-dock-monitor-plugin_1.6spark0.deb', '66.38 KB', 'https://examine-spark.oss-cn-shanghai.aliyuncs.com/icons/2020/10/01/fea29420-0404-11eb-89d9-e1f655fb75bc.png', 'community;deepin;uos', '一款方便的任务栏系统监视器，可以显示网速、内存和 CPU 占用等信息；安装完成后需要注销重新登录或者重启任务栏进程才能加载插件。', 1, 10000, '2020-10-29 10:32:51', NULL),
	(283, 10, '一键更换bing壁纸', 'oneclickbingwallpaper', '0.9', ' ', 'shenmo', ' ', 'store/tools/oneclickbingwallpaper/oneclickbingwallpaper_0.9_amd64.deb', '46.53KB', '', '', '一键更换bing壁纸', 1, 10000, '2020-10-29 10:32:51', NULL),
	(284, 10, '海天鹰屏幕画笔', 'htyscreenpen', '1.2', 'sonichy', 'shenmo', ' https://github.com/sonichy/HTYScreenPen', 'store/tools/htyscreenpen/htyscreenpen.deb', '347.95KB', '', 'community;deepin;uos;ubuntu', '海天翼屏幕画笔，在屏幕上画图，配合腾讯会议上网课，岂不美哉～', 1, 10000, '2020-10-29 10:32:51', NULL),
	(285, 10, 'keeweb', 'keeweb-desktop', '1.15.5-1', 'keeweb', 'chaodn', 'https://keeweb.info/', 'store/tools/keeweb-desktop/KeeWeb-1.15.5.linux.x64.deb', '70.98MB', '', 'deepin;uos;ubuntu', 'keeweb是一个开源免费的密码管理器。不过没有中文版，英语渣谨慎下载。', 1, 10000, '2020-10-29 10:32:51', NULL),
	(286, 10, 'Bleachbit', 'bleachbit', '4.0.0', ' ', 'zty199', 'https://www.bleachbit.org', 'store/tools/bleachbit/bleachbit_4.0.0_all_debian10.deb', '405.97KB', '', 'deepin;uos;ubuntu', 'BleachBit是一款开源的系统清理工具，它可以释放磁盘空间，保护您的隐私，清除缓存，删除cookies、internet历史、临时文件、日志和丢弃的垃圾文件等，支持清除应用的残留数据，切碎文件防止恢复、隐藏被删除文件的痕迹等功能。', 1, 10000, '2020-10-29 10:32:51', NULL),
	(287, 10, 'Moo工具集', 'mootool', '1.3.0', ' ', 'jalawov', 'https://gitee.com/zhoubochina/MooTool', 'store/tools/mootool/mootool_1.3.0_all.deb', '18.59MB', '', 'deepin;uos;ubuntu', '支持的功能Host切换（支持系统托盘快速切换）时间转换（时间戳和高可读性本地时间的相互转换，对网上常见的转换页重新设计，支持快速复制，简单高效）Json格式化发送HTTP请求（支持GET、POST、PUT、DELETE等常用请求方式，支持参数、header、cookie、body等）编码转换二维码生成/二维码识别（支持自定义尺寸、纠错级别、logo图片）加解密/随机随手记（可以用来快速记录一些：代码片段、常用的SQL、常用的接口、常用的数据、暂存一些临时log等）计算（四则运算/进制转换/最大公约数/最小公倍数/排列组合数）网络/IP（ip地址转换/本机ip信息/根据域名获取ip）调色板（取色器/颜色管理）', 1, 10000, '2020-10-29 10:32:51', NULL),
	(288, 10, 'Ventoy', 'fydur-ventoy', '1.0.15', 'longpanda', 'fyljp', 'ventoy_1.0.10_GUI_fyljp.deb', 'store/tools/fydur-ventoy/ventoy_1.0.15_GUI_fyljp.deb', '4.89MB', '', 'deepin;uos;ubuntu', 'Ventoy是一个制作可启动U盘的开源工具。有了Ventoy你就无需反复地格式化U盘，你只需要把ISO文件拷贝到U盘里面就可以启动了，无需其他操作。 你可以一次性拷贝很多个不同类型的ISO文件，在启动时Ventoy会显示一个菜单来选择(截图)。 无差异支持Legacy BIOS和UEFI模式。目前已经测试了各类超过300+ 个ISO文件(列表). 同时提出了Ventoy Compatible的概念，若被支持则理论上可以启动任何ISO文件.', 1, 10000, '2020-10-29 10:32:51', NULL),
	(289, 10, '立创EDA', 'cn.lceda', '4.2.12', ' ', 'maicss', ' ', 'store/tools/cn.lceda/cn.lceda_4.2.12_amd64.deb', '177.21MB', '', 'deepin;uos;ubuntu', '高效的国产PCB设计工具，永久免费', 1, 10000, '2020-10-29 10:32:52', NULL),
	(290, 10, 'KeePassXC', 'keepassxc', '2.6.1+dfsg.1-1', 'KeePassXC 团队', '咸粽子', 'https://keepassxc.org/', 'store/tools/keepassxc/keepassxc_2.6.1_plus_dfsg.1-1_amd64.deb', '4.79 MB', 'https://examine-spark.oss-cn-shanghai.aliyuncs.com/icons/2020/09/18/27e68a30-f988-11ea-9433-5f813e49cebb.svg', 'deepin', 'KeePass 密码管理器的一个分支，支持网站自动填充和Freedesktop.org密钥服务，自带密码生成器。', 1, 10000, '2020-10-29 10:32:52', NULL),
	(291, 10, '海天鹰文件管理器', 'htyfm-spark', '2.9', '黄颖', 'shenmo', 'github.com/sonichy', 'store/tools/htyfm-spark/htyfm-spark_2.9_amd64.deb', '83.60KB', '', 'community;deepin;uos;ubuntu', '一款好用的文件管理器', 1, 10000, '2020-10-29 10:32:52', NULL),
	(292, 10, '星火商店', 'spark-store', '2.0.2.5+1', 'Spark Store Developers', 'Spark Store Developers', 'https://www.spark-app.store/', 'store/tools/spark-store/spark-store_2.0.2.5_plus_1_amd64.deb', '2.43 MB', 'https://examine-spark.oss-cn-shanghai.aliyuncs.com/icons/2020/10/27/251006c0-1836-11eb-a8b0-8f0ee8d43c41.png', 'community;ubuntu;deepin;uos;dtk5', '【更新日志 20201027】\\n1. 修复了非中文环境下左侧菜单栏文字不对齐的问题\\n2. 支持自定义字体显示效果（未实装）', 1, 10000, '2020-10-29 10:32:52', NULL),
	(293, 10, '深度右键刷新插件', 'sm-refresh', '1.0.0', 'shenmo', 'shenmo', ' ', 'store/tools/sm-refresh/sm-refresh_1.0.0_amd64.deb', '12.30KB', '', '', '深度右键刷新插件，卸载请sudo apt purge sm-refresh -y', 1, 10000, '2020-10-29 10:32:52', NULL),
	(294, 10, '红手指云手机（wine）', 'com.redfingerplayer.spark', '2.2.23.spark0', '湖南微算互联信息技术有限公司', 'sgb76', 'https://www.gc.com.cn/', 'store/tools/com.redfingerplayer.spark/com.redfingerplayer.spark_2.2.23.spark0_i386.deb', '52.64 MB', 'https://examine-spark.oss-cn-shanghai.aliyuncs.com/icons/2020/10/03/cc9cc430-055f-11eb-9cad-b3640a7d923a.png', 'deepin;dwine5', '红手指云手机是一个智能手机应用云平台，全面支持各种手机应用程序的展示、下载及应用与管理服务。  并卓越实现全天候云端智能托管应用，让用户在脱离移动终端的状态下，也能将各种应用程序托管到云端，保持全天候在线。已知问题：登录界面无法通过QQ登录，帐号登录和微信登录没有问题', 1, 10000, '2020-10-29 10:32:52', NULL),
	(295, 10, 'guiscrcpy', 'guiscrcpy', '3.9.3', 'guiscrcpy', 'shenmo', 'https://gitee.com/deepin-opensource/guiscrcpy', 'store/tools/guiscrcpy/guiscrcpy_3.9.3_amd64.deb', '102.27 MB', 'https://examine-spark.oss-cn-shanghai.aliyuncs.com/icons/2020/09/16/232598f0-f7d6-11ea-92e2-f908c3a7711e.png', 'ubuntu;deepin;uos;a2d', '非常好用的一款手机投屏工具', 1, 10000, '2020-10-29 10:32:52', NULL),
	(296, 10, 'utools', 'utools', '1.3.2', 'utools', 'jerrywang', 'htttps://u.tools', 'store/tools/utools/utools_1.3.2_amd64.deb', '51.77 MB', 'https://examine-spark.oss-cn-shanghai.aliyuncs.com/icons/2020/10/15/df077b50-0e89-11eb-b3d8-a102d3bf7b54.png', 'ubuntu', '高度定制化的工具合集', 1, 10000, '2020-10-29 10:32:52', NULL),
	(297, 8, 'Start Reader（wine）', 'com.startreader.spark', '3.4.2.spark0', '北京曲田科技有限公司', 'sgb76', 'https://www.startreader.com/index.html', 'store/translate/com.startreader.spark/com.startreader.spark_3.4.2.spark0_i386.deb', '39.39 MB', 'https://examine-spark.oss-cn-shanghai.aliyuncs.com/icons/2020/10/02/4f4f9770-0490-11eb-842a-5bd88226e41b.png', 'deepin;dwine5', 'StartReader是一款结合阅读、学习、笔记于一身的精巧的软件，可以在任何地方工作和学习，内嵌的思维导图工具也是极具操作性，方便头脑风暴。云端的同步共享可以很快速的转发、编辑。已知问题：部分电子书打开后用鼠标选择文字会造成程序出错、界面卡死；脑图界面输入文字不能使用讯飞输入法（其它输入法正常）', 1, 10000, '2020-10-29 10:32:52', NULL),
	(298, 8, 'CopyTranslator', 'copytranslator', '9.0.2', 'Elliott Zheng', 'zty199', 'https://github.com/copytranslator/copytranslator#readme', 'store/translate/copytranslator/copytranslator_9.0.2_amd64.deb', '45.080MB', '', '', '这是一款外文辅助阅读翻译工具，支持复制翻译、拖拽翻译等翻译方式，无限接近划译的系统级开源实现。', 1, 10000, '2020-10-29 10:32:52', NULL),
	(299, 8, '听雨小说阅读器', 'listera-novelreader', '1.1.9-2', 'lidanger', 'lidanger', 'https://gitee.com/lidanger/listera-novelreader', 'store/translate/listera-novelreader/listera-novelreader_1.1.9-2_amd64.deb', '239.23 KB', 'https://examine-spark.oss-cn-shanghai.aliyuncs.com/icons/2020/10/19/27f3e0c0-122b-11eb-83a1-4deaa0b4a750.png', 'deepin;dtk5;community', '听雨小说阅读器是一个 txt 中文小说阅读器，基于 Qt5 和 Dtk5 开发。', 1, 10000, '2020-10-29 10:32:52', NULL),
	(300, 8, 'Anki', 'com.anki.spark', '2.1.34', 'Anki', 'jerrywang', 'https://apps.ankiweb.net/', 'store/translate/com.anki.spark/com.anki.spark_2.1.34_amd64.deb', '107.95 MB', 'https://examine-spark.oss-cn-shanghai.aliyuncs.com/icons/2020/10/12/278cbb60-0c55-11eb-a752-59ae474ef158.png', 'ubuntu', 'Anki是一个程序，它使记住事情变得容易。 因为它比传统的学习方法有效得多，所以您可以大大减少学习时间，也可以大大增加学习量。', 1, 10000, '2020-10-29 10:32:52', NULL),
	(301, 8, 'Foliate', 'foliate', '2.4.2-0.1~obs', 'John Factotum', 'sgb76', 'https://johnfactotum.github.io/foliate/', 'store/translate/foliate/foliate_2.4.2-0.1_obs_all.deb', '772.91 KB', 'https://examine-spark.oss-cn-shanghai.aliyuncs.com/icons/2020/10/11/bf470310-0bcf-11eb-9d67-bb55468f9608.png', 'deepin', 'Foliate是一个使用GJS和 Epub.js构建的开源GTK电子书阅读器，具有简单而现代的用户界面', 1, 10000, '2020-10-29 10:32:53', NULL),
	(302, 8, 'saladict-desktop', 'saladict-desktop', '1.0.0-14', 'zenghongtu', 'anima', 'https://github.com/zenghongtu/saladict-desktop/', 'store/translate/saladict-desktop/saladict-desktop_1.0.0_amd64.deb', '49.09MB', '', '', '基于crimxext-saladict，聚合了 N 多词典的桌面翻译与划词工具，功能强大，支持 Windows 、 Mac 和 Linux。', 1, 10000, '2020-10-29 10:32:53', NULL),
	(303, 8, 'Redict', 'redict-dtk5', '0.8.1', 'rekols', 'shenmo', 'https://github.com/revenmartin/redict-dtk', 'store/translate/redict-dtk5/redict-dtk5_0.8.1_amd64.deb', '65.79KB', '', 'ubuntu;deepin;uos;community;dtk5', '一款 Deepin 平台下的词典，基于 Qt / DTK 开发，占用内存小，支持划词翻译，使用有道词典 API，内容版权归网易有道公司所有。\nP.S.此版本为DTK5版，ubuntu等其他发行版请通过终端执行 sudo apt install redict-dtk5-dtk2 安装dtk2版本。（dtk2版本其实很好看的）', 1, 10000, '2020-10-29 10:32:53', NULL),
	(304, 8, 'CuteTranslation', 'cute-translation', '0.4.3-1', 'moriv4', 'moriv4', 'https://github.com/jiangzc/CuteTranslation', 'store/translate/cute-translation/cute-translation_0.4.3-1_amd64.deb', '4.13 MB', 'https://examine-spark.oss-cn-shanghai.aliyuncs.com/icons/2020/09/27/c4196410-0089-11eb-94b1-c71c459d6a5d.png', 'community;deepin;uos;ubuntu', 'CuteTranslation是Linux系统上基于X11的一款取词翻译软件,帮助用户翻译多种语言的文字。', 1, 10000, '2020-10-29 10:32:53', NULL),
	(305, 8, 'Neat Reader（wine）', 'com.neatreader.spark', '5.0.4', '北京高知图新教育科技有限公司', 'sgb76', 'https://www.neat-reader.cn/', 'store/translate/com.neatreader.spark/com.neatreader.spark_5.0.4_i386.deb', '57.74 MB', 'https://examine-spark.oss-cn-shanghai.aliyuncs.com/icons/2020/09/11/420266e0-f40c-11ea-a420-810a61be25e7.png', 'deepin;dwine5', '新世代 ePub 阅读器  支持各主流平台 开启阅读全新体验', 1, 10000, '2020-10-29 10:32:53', NULL),
	(306, 8, 'Unicorn Viewer（wine）', 'com.unicornviewer.spark', '0.24.spark0', '马健', 'sgb76', '不详', 'store/translate/com.unicornviewer.spark/com.unicornviewer.spark_0.24.spark0_i386.deb', '8.11 MB', 'https://examine-spark.oss-cn-shanghai.aliyuncs.com/icons/2020/10/13/c0c4bf90-0d26-11eb-bc8d-07187a0c650c.png', 'deepin;dwine5', '基于deepin-wine5打包。UnicornViewer是一个针对扫描版电子文档的浏览器，程序小巧、运行流畅，打开电子文档速度非常快，具有下列功能：支持PDF、PDG格式、多页TIFF格式。PDG格式仅支持图像版0xH、1xH、28H、AxH，不支持FFH、6xH和文本PDG。支持连续翻页、并排显示、多种缩放方式及打印。', 1, 10000, '2020-10-29 10:32:53', NULL),
	(307, 4, 'OBS Studio', 'com.obsproject.studio', '26.0.2', 'OBSProject', '8Mi_Yile', 'https://obsproject.com', 'store/videos/com.obsproject.studio/com.obsproject.studio_26.0.2_all.deb', '55.69 MB', 'https://examine-spark.oss-cn-shanghai.aliyuncs.com/icons/2020/10/07/f39d2330-08d5-11eb-9fc2-b32349fa2849.png', 'community;ubuntu;deepin;uos', 'OBS Studio是一款开源自由的视频录制与直播软件', 1, 10000, '2020-10-29 10:32:53', NULL),
	(308, 4, '深度影院', 'deepin-movie-legacy', '3.2.20-1', 'Deepin', 'zty199', 'https://github.com/linuxdeepin/deepin-movie', 'store/videos/deepin-movie-legacy/deepin-movie-legacy_3.2.20-1_amd64.deb', '381.71KB', '', '', '深度影院3.2.7版，从Debian 10仓库中翻出来的旧版本，修改了安装位置与桌面文件名称和图标并重新进行打包，与商店现有新版本进行区分。', 1, 10000, '2020-10-29 10:32:53', NULL),
	(309, 4, '腾讯视频', 'tenvideo-universal', '1.0.10', ' ', 'anima', 'https://v.qq.com/', 'store/videos/tenvideo-universal/Tenvideo_universal_1.0.10_amd64.deb', '48.29MB', '', '', '中国领先的在线视频媒体平台，海量高清视频在线观看．', 1, 10000, '2020-10-29 10:32:53', NULL),
	(310, 4, 'mpv 媒体播放器', 'mpv', '0.32.0-2', 'mpv', '咸粽子', 'https://mpv.io/', 'store/videos/mpv/mpv_0.32.0-2_amd64.deb', '947.64 KB', 'https://examine-spark.oss-cn-shanghai.aliyuncs.com/icons/2020/10/09/34854850-0a7a-11eb-817c-892015e12177.png', 'deepin;community', 'mpv是一款自由的媒体播放器。 它支持多种媒体文件格式，音频和视频编解码器以及字幕类型。', 1, 10000, '2020-10-29 10:32:53', NULL),
	(311, 4, 'bilibili录播姬', 'live-recorder', '1.8.0', 'B站录播机', 'zty199', 'http://live.weibo333.com/', 'store/videos/live-recorder/live-recorder_1.8.0_amd64.deb', '34.95MB', '', '', 'B站录播机，不再错过每一场直播。\n*建议和BUG反馈\nQQ交流群：7307708\n来自打包者吐槽：不知道 shenmo 从哪里翻出来的远古版本，更新了一下还要重新打包，也不晓得作者信息啥的对不对......看着像是 Electron 封装的网页？不过至少能用。', 1, 10000, '2020-10-29 10:32:53', NULL),
	(312, 4, 'MystiQ影音转换器', 'mystiq', '20.03.23-1', 'swl-x', 'anima', 'https://github.com/swl-x/MystiQ', 'store/videos/mystiq/mystiq_20.03.23-1_amd64.deb', '583.85KB', '', '', 'MystiQ是一款基于 Qt5/C++ 的 FFmpeg 媒体格式转换器。', 1, 10000, '2020-10-29 10:32:53', NULL),
	(313, 4, '万彩动画大师（wine）', 'com.animiz.spark', '2.7.7.spark0', '广州万彩信息技术有限公司', 'sgb76', 'http://www.animiz.cn/', 'store/videos/com.animiz.spark/com.animiz.spark_2.7.7.spark0_i386.deb', '213.87 MB', 'https://examine-spark.oss-cn-shanghai.aliyuncs.com/icons/2020/09/20/861b8760-fae4-11ea-95bd-750649f43a9d.png', 'deepin;dwine5', '人人都会用的动画视频制作软件 做动画视频比做PPT还简单', 1, 10000, '2020-10-29 10:32:53', NULL),
	(314, 4, 'QMPlay2', 'qmplay2', '20.07.04-1', ' ', 'momen', ' ', 'store/videos/qmplay2/QMPlay2_20.07.04-1-amd64_a2d.deb', '19.12MB', '', '', '这个播放器是万能播放器,还可以播放电视节目哦', 1, 10000, '2020-10-29 10:32:53', NULL),
	(315, 4, 'NextPlayer', 'nextplayer', '1.7.2+1', 'sudormroot', 'sudormroot', 'https://github.com/sudormroot/nextplayer-project/releases', 'store/videos/nextplayer/nextplayer_1.7.2_plus_1_a2d_amd64.deb', '76.85MB', '', '', '下一代跨平台的蓝光播放器，支持macOS，Linux和FreeBSD等。', 1, 10000, '2020-10-29 10:32:53', NULL),
	(316, 4, 'SMplayer', 'smplayer', '20.6.0+3.2', ' ', 'sgb76', 'https://www.smplayer.info/', 'store/videos/smplayer/smplayer_20.6.0_plus_3.2_amd64.deb', '3.30MB', '', '', 'SMPlayer 是个适用于 Windows 和 Linux 的免费媒体播放器， 内置解码器，可以播放几乎所有格式的视频和音频文件，无需再安装任何外部解码器。 只要安装了 SMPlayer， 你就能够播放所有的格式，不用再费事查找安装解码包', 1, 10000, '2020-10-29 10:32:54', NULL),
	(317, 4, '优酷', 'uos-youku-app', '1.0.0', ' ', 'anima', 'https://www.youku.com/', 'store/videos/uos-youku-app/uos-youku-app_1.0.0_amd64.deb', '75.60MB', '', '', '这世界很酷！', 1, 10000, '2020-10-29 10:32:54', NULL),
	(318, 4, '央视影音', 'ysyy.spark', '4.6.6.9', ' ', 'sgb76', 'https://app.cctv.com/appkhdxz/pc/', 'store/videos/ysyy.spark/ysyy.spark_4.6.6.9_i386.deb', '78.54MB', '', '', '央视影音，回播随时看', 1, 10000, '2020-10-29 10:32:54', NULL),
	(319, 4, 'Flash Player', 'flashplayer-32', '32.0.0', ' ', 'shenmo', ' ', 'store/videos/flashplayer-32/flashplayer_amd64.deb', '4.58MB', '', '', 'Flash PLayer for Linux', 1, 10000, '2020-10-29 10:32:54', NULL),
	(320, 4, 'losslesscut无损剪辑', 'losslesscut.spark', '3.23.8', 'Mikael Finstad', 'Fredoong', 'https://mifi.no/losslesscut/', 'store/videos/losslesscut.spark/losslesscut3.23.8.spark.deb', '88.4 MB', 'https://examine-spark.oss-cn-shanghai.aliyuncs.com/icons/2020/09/11/49190f70-f433-11ea-9596-0bd512a72973.svg', 'deepin;community;uos', 'losslesscut被称为无损视频剪辑的瑞士军刀，常用于粗剪（无损剪切、合并）', 1, 10000, '2020-10-29 10:32:54', NULL),
	(321, 4, '资源播放器', 'zyplayer', '2.5.1.1', 'Hunlongyu', 'sgb76', 'http://zyplayer.fun/', 'store/videos/zyplayer/zyplayer_2.5.1.1_amd64.deb', '54.01 MB', 'https://examine-spark.oss-cn-shanghai.aliyuncs.com/icons/2020/10/09/584711b0-0a0c-11eb-a3b4-0988e427f95a.png', 'deepin;a2d', '跨平台视频资源播放器, 简洁免费无广告', 1, 10000, '2020-10-29 10:32:54', NULL),
	(322, 4, 'bilibili网页版', 'bilibili', '1.0.1', 'kunkun', 'kunkun', ' ', 'store/videos/bilibili/Bilibili-linux-amd64.deb', '51.25MB', '', 'deepin;uos;ubuntu', '使用nativefier封装的哔哩哔哩网页,给不想打开浏览器的up们使用', 1, 10000, '2020-10-29 10:32:54', NULL),
	(323, 4, 'lightworks', 'lightworks', '2020.1', ' ', 'sgb76 ', 'https://www.lwks.com/', 'store/videos/lightworks/lightworks-2020.1-r122068-amd64.deb', '61.97MB', '', '', 'lightworks是一款免费的视频编辑器', 1, 10000, '2020-10-29 10:32:54', NULL),
	(324, 4, 'kdenlive', 'org.kde.kdenlive', '20.04.1', 'KDE', 'chaodn', 'https://kdenlive.org/', 'store/videos/org.kde.kdenlive/org.kde.kdenlive_20.04.1_a2d.deb', '154.76MB', '', '', 'Kdenlive是一款免费的功能强大的视频剪辑软件，是KDE非线性视频编辑器(KDE Non-Linear Video Editor)的缩写，Kdenlive背后包含了kde、ffmpeg、qt这些开源组织和相关软件，所以在版本更新、功能等方面都有强大的支持!', 1, 10000, '2020-10-29 10:32:54', NULL),
	(325, 4, '全聚合影视', 'vst-video', '2.55', ' ', 'shenmo', ' ', 'store/videos/vst-video/vst-video.deb', '121.69KB', '', '', '全聚合影视是一款点播播放器', 1, 10000, '2020-10-29 10:32:54', NULL);
/*!40000 ALTER TABLE `spark_appinfo` ENABLE KEYS */;

-- 导出  表 spark_store.spark_category 结构
DROP TABLE IF EXISTS `spark_category`;
CREATE TABLE IF NOT EXISTS `spark_category` (
  `id` int(11) NOT NULL AUTO_INCREMENT,
  `slug` varchar(50) COLLATE utf8mb4_unicode_ci NOT NULL COMMENT '分类标识',
  `name` varchar(50) COLLATE utf8mb4_unicode_ci NOT NULL COMMENT '分类名称',
  `order` int(11) NOT NULL DEFAULT '10000' COMMENT '分类排序',
  PRIMARY KEY (`id`),
  UNIQUE KEY `slug` (`slug`)
) ENGINE=InnoDB AUTO_INCREMENT=13 DEFAULT CHARSET=utf8mb4 COLLATE=utf8mb4_unicode_ci COMMENT='应用分类表';

-- 正在导出表  spark_store.spark_category 的数据：~12 rows (大约)
DELETE FROM `spark_category`;
/*!40000 ALTER TABLE `spark_category` DISABLE KEYS */;
INSERT INTO `spark_category` (`id`, `slug`, `name`, `order`) VALUES
	(1, 'network', '网络应用', 10000),
	(2, 'communication', '社交沟通', 10000),
	(3, 'music', '音乐欣赏', 10000),
	(4, 'videos', '视频播放', 10000),
	(5, 'graphics', '图形图像', 10000),
	(6, 'games', '游戏娱乐', 10000),
	(7, 'office', '办公学习', 10000),
	(8, 'translate', '阅读翻译', 10000),
	(9, 'development', '编程开发', 10000),
	(10, 'tools', '系统工具', 10000),
	(11, 'beautify', '主题美化', 10000),
	(12, 'others', '其他应用', 10000);
/*!40000 ALTER TABLE `spark_category` ENABLE KEYS */;

-- 导出  表 spark_store.spark_screenshot 结构
DROP TABLE IF EXISTS `spark_screenshot`;
CREATE TABLE IF NOT EXISTS `spark_screenshot` (
  `id` int(11) NOT NULL AUTO_INCREMENT,
  `appid` int(11) NOT NULL,
  `url` varchar(500) COLLATE utf8mb4_unicode_ci NOT NULL COMMENT '图片链接',
  `order` int(11) NOT NULL DEFAULT '10000' COMMENT '排序',
  `created_at` timestamp NULL DEFAULT CURRENT_TIMESTAMP COMMENT '创建时间',
  PRIMARY KEY (`id`),
  KEY `appid` (`appid`)
) ENGINE=InnoDB AUTO_INCREMENT=231 DEFAULT CHARSET=utf8mb4 COLLATE=utf8mb4_unicode_ci COMMENT='应用截图表';

-- 正在导出表  spark_store.spark_screenshot 的数据：~230 rows (大约)
DELETE FROM `spark_screenshot`;
/*!40000 ALTER TABLE `spark_screenshot` DISABLE KEYS */;
INSERT INTO `spark_screenshot` (`id`, `appid`, `url`, `order`, `created_at`) VALUES
	(1, 1, 'https://examine-spark.oss-cn-shanghai.aliyuncs.com/images/2020/09/24/ad77a320-fe27-11ea-8c5f-552f01726f01.update', 10000, '2020-10-29 10:32:35'),
	(2, 1, 'https://examine-spark.oss-cn-shanghai.aliyuncs.com/images/2020/09/24/ad942bd0-fe27-11ea-8c5f-552f01726f01.update', 10000, '2020-10-29 10:32:35'),
	(3, 1, 'https://examine-spark.oss-cn-shanghai.aliyuncs.com/images/2020/09/24/add02360-fe27-11ea-8c5f-552f01726f01.update', 10000, '2020-10-29 10:32:35'),
	(4, 1, 'https://examine-spark.oss-cn-shanghai.aliyuncs.com/images/2020/09/24/adb0b480-fe27-11ea-8c5f-552f01726f01.update', 10000, '2020-10-29 10:32:35'),
	(5, 1, 'https://examine-spark.oss-cn-shanghai.aliyuncs.com/images/2020/09/24/ae31cb60-fe27-11ea-8c5f-552f01726f01.update', 10000, '2020-10-29 10:32:35'),
	(6, 3, 'https://examine-spark.oss-cn-shanghai.aliyuncs.com/images/2020/09/12/c11bc5c0-f4a7-11ea-b788-0980ec1a4056.png', 10000, '2020-10-29 10:32:35'),
	(7, 5, 'https://examine-spark.oss-cn-shanghai.aliyuncs.com/images/2020/09/05/9453cb00-ef6b-11ea-b573-776f101a114d.update', 10000, '2020-10-29 10:32:35'),
	(8, 6, 'https://examine-spark.oss-cn-shanghai.aliyuncs.com/images/2020/09/12/b04cd1a0-f4af-11ea-9122-a3803614310b.png', 10000, '2020-10-29 10:32:35'),
	(9, 14, 'https://examine-spark.oss-cn-shanghai.aliyuncs.com/images/2020/10/09/94366910-0a74-11eb-817c-892015e12177.png', 10000, '2020-10-29 10:32:36'),
	(10, 16, 'https://examine-spark.oss-cn-shanghai.aliyuncs.com/images/2020/09/13/e3ed0000-f56a-11ea-8bc0-53f4ac27ecd2.png', 10000, '2020-10-29 10:32:36'),
	(11, 16, 'https://examine-spark.oss-cn-shanghai.aliyuncs.com/images/2020/09/13/e88f37e0-f56a-11ea-8bc0-53f4ac27ecd2.png', 10000, '2020-10-29 10:32:36'),
	(12, 18, 'https://examine-spark.oss-cn-shanghai.aliyuncs.com/images/2020/10/07/5b763610-08a2-11eb-96d8-af4703404342.png', 10000, '2020-10-29 10:32:36'),
	(13, 26, 'https://examine-spark.oss-cn-shanghai.aliyuncs.com/images/2020/10/04/94bb4280-062c-11eb-bee2-93bbd59c2a2a.png', 10000, '2020-10-29 10:32:36'),
	(14, 26, 'https://examine-spark.oss-cn-shanghai.aliyuncs.com/images/2020/10/04/96c89eb0-062c-11eb-bee2-93bbd59c2a2a.png', 10000, '2020-10-29 10:32:36'),
	(15, 26, 'https://examine-spark.oss-cn-shanghai.aliyuncs.com/images/2020/10/04/982a9fb0-062c-11eb-bee2-93bbd59c2a2a.png', 10000, '2020-10-29 10:32:36'),
	(16, 26, 'https://examine-spark.oss-cn-shanghai.aliyuncs.com/images/2020/10/04/99cf7610-062c-11eb-bee2-93bbd59c2a2a.png', 10000, '2020-10-29 10:32:36'),
	(17, 27, 'https://examine-spark.oss-cn-shanghai.aliyuncs.com/images/2020/10/03/1cedcda0-0563-11eb-96b3-539058fcf0da.png', 10000, '2020-10-29 10:32:36'),
	(18, 33, 'https://examine-spark.oss-cn-shanghai.aliyuncs.com/images/2020/09/05/ac9fb0c0-ef20-11ea-983c-8d054728a013.png', 10000, '2020-10-29 10:32:37'),
	(19, 37, 'https://examine-spark.oss-cn-shanghai.aliyuncs.com/images/2020/10/13/991d9bc0-0d3e-11eb-8a7f-d90168731543.png', 10000, '2020-10-29 10:32:37'),
	(20, 37, 'https://examine-spark.oss-cn-shanghai.aliyuncs.com/images/2020/10/13/9b5feaa0-0d3e-11eb-8a7f-d90168731543.png', 10000, '2020-10-29 10:32:37'),
	(21, 39, 'https://examine-spark.oss-cn-shanghai.aliyuncs.com/images/2020/10/18/617034e0-10e9-11eb-b12c-079bb96aa4ea.png', 10000, '2020-10-29 10:32:37'),
	(22, 39, 'https://examine-spark.oss-cn-shanghai.aliyuncs.com/images/2020/10/18/62128f60-10e9-11eb-b12c-079bb96aa4ea.png', 10000, '2020-10-29 10:32:37'),
	(23, 40, 'https://examine-spark.oss-cn-shanghai.aliyuncs.com/images/2020/10/17/c23be540-1052-11eb-b5f0-79f3a121a6ea.png', 10000, '2020-10-29 10:32:37'),
	(24, 40, 'https://examine-spark.oss-cn-shanghai.aliyuncs.com/images/2020/10/17/c9b224b0-1052-11eb-b5f0-79f3a121a6ea.png', 10000, '2020-10-29 10:32:37'),
	(25, 41, 'https://examine-spark.oss-cn-shanghai.aliyuncs.com/images/2020/10/13/30ea6db0-0d40-11eb-bd36-d9aedf62f5f0.png', 10000, '2020-10-29 10:32:37'),
	(26, 41, 'https://examine-spark.oss-cn-shanghai.aliyuncs.com/images/2020/10/13/33d27270-0d40-11eb-bd36-d9aedf62f5f0.png', 10000, '2020-10-29 10:32:37'),
	(27, 42, 'https://examine-spark.oss-cn-shanghai.aliyuncs.com/images/2020/10/08/a50b6740-0925-11eb-9064-3575aa2978d8.png', 10000, '2020-10-29 10:32:37'),
	(28, 43, 'https://examine-spark.oss-cn-shanghai.aliyuncs.com/images/2020/10/25/47f77200-1691-11eb-9164-d95c0156863b.png', 10000, '2020-10-29 10:32:37'),
	(29, 43, 'https://examine-spark.oss-cn-shanghai.aliyuncs.com/images/2020/10/25/4806db50-1691-11eb-9164-d95c0156863b.png', 10000, '2020-10-29 10:32:37'),
	(30, 43, 'https://examine-spark.oss-cn-shanghai.aliyuncs.com/images/2020/10/25/4800e7e0-1691-11eb-9164-d95c0156863b.png', 10000, '2020-10-29 10:32:37'),
	(31, 45, 'https://examine-spark.oss-cn-shanghai.aliyuncs.com/images/2020/10/25/00a12a50-167c-11eb-9014-05bddc4545ad.png', 10000, '2020-10-29 10:32:38'),
	(32, 45, 'https://examine-spark.oss-cn-shanghai.aliyuncs.com/images/2020/10/25/009bac10-167c-11eb-9014-05bddc4545ad.png', 10000, '2020-10-29 10:32:38'),
	(33, 45, 'https://examine-spark.oss-cn-shanghai.aliyuncs.com/images/2020/10/25/00976650-167c-11eb-9014-05bddc4545ad.png', 10000, '2020-10-29 10:32:38'),
	(34, 48, 'https://examine-spark.oss-cn-shanghai.aliyuncs.com/images/2020/10/22/88a6bbe0-145b-11eb-951d-ed23401a1be2.png', 10000, '2020-10-29 10:32:38'),
	(35, 48, 'https://examine-spark.oss-cn-shanghai.aliyuncs.com/images/2020/10/22/88c78a50-145b-11eb-951d-ed23401a1be2.png', 10000, '2020-10-29 10:32:38'),
	(36, 48, 'https://examine-spark.oss-cn-shanghai.aliyuncs.com/images/2020/10/22/88efd2d0-145b-11eb-951d-ed23401a1be2.png', 10000, '2020-10-29 10:32:38'),
	(37, 48, 'https://examine-spark.oss-cn-shanghai.aliyuncs.com/images/2020/10/22/890f8fd0-145b-11eb-951d-ed23401a1be2.png', 10000, '2020-10-29 10:32:38'),
	(38, 49, 'https://examine-spark.oss-cn-shanghai.aliyuncs.com/images/2020/10/13/b9a354e0-0d3c-11eb-8a7f-d90168731543.png', 10000, '2020-10-29 10:32:38'),
	(39, 49, 'https://examine-spark.oss-cn-shanghai.aliyuncs.com/images/2020/10/13/bb7f40d0-0d3c-11eb-8a7f-d90168731543.png', 10000, '2020-10-29 10:32:38'),
	(40, 50, 'https://examine-spark.oss-cn-shanghai.aliyuncs.com/images/2020/09/23/36e49d50-fd4e-11ea-b5cf-81fb836b464f.png', 10000, '2020-10-29 10:32:38'),
	(41, 50, 'https://examine-spark.oss-cn-shanghai.aliyuncs.com/images/2020/09/23/48d05270-fd4e-11ea-b5cf-81fb836b464f.png', 10000, '2020-10-29 10:32:38'),
	(42, 53, 'https://examine-spark.oss-cn-shanghai.aliyuncs.com/images/2020/09/12/c15c6380-f4ef-11ea-bf79-1335c9b78358.png', 10000, '2020-10-29 10:32:38'),
	(43, 53, 'https://examine-spark.oss-cn-shanghai.aliyuncs.com/images/2020/09/12/c3964df0-f4ef-11ea-bf79-1335c9b78358.png', 10000, '2020-10-29 10:32:38'),
	(44, 54, 'https://examine-spark.oss-cn-shanghai.aliyuncs.com/images/2020/09/14/bdd14d60-f662-11ea-ac2a-7f254f342feb.png', 10000, '2020-10-29 10:32:38'),
	(45, 54, 'https://examine-spark.oss-cn-shanghai.aliyuncs.com/images/2020/09/14/bde9de70-f662-11ea-ac2a-7f254f342feb.png', 10000, '2020-10-29 10:32:38'),
	(46, 54, 'https://examine-spark.oss-cn-shanghai.aliyuncs.com/images/2020/09/14/be03cf10-f662-11ea-ac2a-7f254f342feb.png', 10000, '2020-10-29 10:32:38'),
	(47, 54, 'https://examine-spark.oss-cn-shanghai.aliyuncs.com/images/2020/09/14/be6046f0-f662-11ea-ac2a-7f254f342feb.png', 10000, '2020-10-29 10:32:38'),
	(48, 56, 'https://examine-spark.oss-cn-shanghai.aliyuncs.com/images/2020/10/14/a938e220-0df8-11eb-b09e-0fd5d6dd8f0b.jpg', 10000, '2020-10-29 10:32:39'),
	(49, 56, 'https://examine-spark.oss-cn-shanghai.aliyuncs.com/images/2020/10/14/b15b8e30-0df8-11eb-b09e-0fd5d6dd8f0b.jpg', 10000, '2020-10-29 10:32:39'),
	(50, 56, 'https://examine-spark.oss-cn-shanghai.aliyuncs.com/images/2020/10/14/b366ee90-0df8-11eb-b09e-0fd5d6dd8f0b.jpg', 10000, '2020-10-29 10:32:39'),
	(51, 62, 'https://examine-spark.oss-cn-shanghai.aliyuncs.com/images/2020/10/06/12b67ef0-07bf-11eb-827c-a5b2322924e5.png', 10000, '2020-10-29 10:32:39'),
	(52, 62, 'https://examine-spark.oss-cn-shanghai.aliyuncs.com/images/2020/10/06/16b6aa70-07bf-11eb-827c-a5b2322924e5.png', 10000, '2020-10-29 10:32:39'),
	(53, 63, 'https://examine-spark.oss-cn-shanghai.aliyuncs.com/images/2020/09/15/1683cb70-f728-11ea-a5e3-bf6be982e1a6.png', 10000, '2020-10-29 10:32:39'),
	(54, 63, 'https://examine-spark.oss-cn-shanghai.aliyuncs.com/images/2020/09/15/1c481520-f728-11ea-a5e3-bf6be982e1a6.png', 10000, '2020-10-29 10:32:39'),
	(55, 67, 'https://examine-spark.oss-cn-shanghai.aliyuncs.com/images/2020/10/15/82bd65a0-0ed7-11eb-be06-fff3d54e2c9d.png', 10000, '2020-10-29 10:32:39'),
	(56, 67, 'https://examine-spark.oss-cn-shanghai.aliyuncs.com/images/2020/10/15/82c33200-0ed7-11eb-be06-fff3d54e2c9d.png', 10000, '2020-10-29 10:32:39'),
	(57, 67, 'https://examine-spark.oss-cn-shanghai.aliyuncs.com/images/2020/10/15/82c79ed0-0ed7-11eb-be06-fff3d54e2c9d.png', 10000, '2020-10-29 10:32:39'),
	(58, 74, 'https://examine-spark.oss-cn-shanghai.aliyuncs.com/images/2020/10/27/f402b2d0-182b-11eb-a69b-4ff11c7ecd20.png', 10000, '2020-10-29 10:32:40'),
	(59, 74, 'https://examine-spark.oss-cn-shanghai.aliyuncs.com/images/2020/10/27/f894be10-182b-11eb-a69b-4ff11c7ecd20.png', 10000, '2020-10-29 10:32:40'),
	(60, 74, 'https://examine-spark.oss-cn-shanghai.aliyuncs.com/images/2020/10/27/fbddce90-182b-11eb-a69b-4ff11c7ecd20.png', 10000, '2020-10-29 10:32:40'),
	(61, 82, 'https://examine-spark.oss-cn-shanghai.aliyuncs.com/images/2020/10/06/4d1ad2b0-07e9-11eb-90d1-9bb8657e09b4.png', 10000, '2020-10-29 10:32:40'),
	(62, 82, 'https://examine-spark.oss-cn-shanghai.aliyuncs.com/images/2020/10/06/5317dfa0-07e9-11eb-90d1-9bb8657e09b4.png', 10000, '2020-10-29 10:32:40'),
	(63, 82, 'https://examine-spark.oss-cn-shanghai.aliyuncs.com/images/2020/10/06/588e0950-07e9-11eb-90d1-9bb8657e09b4.png', 10000, '2020-10-29 10:32:40'),
	(64, 89, 'https://examine-spark.oss-cn-shanghai.aliyuncs.com/images/2020/09/09/0b8d86d0-f263-11ea-a95c-e5ab694a08e0.png', 10000, '2020-10-29 10:32:40'),
	(65, 89, 'https://examine-spark.oss-cn-shanghai.aliyuncs.com/images/2020/09/09/219098f0-f263-11ea-a95c-e5ab694a08e0.png', 10000, '2020-10-29 10:32:40'),
	(66, 98, 'https://examine-spark.oss-cn-shanghai.aliyuncs.com/images/2020/09/08/a71c54f0-f1c3-11ea-9c29-93260fe96a0e.png', 10000, '2020-10-29 10:32:41'),
	(67, 98, 'https://examine-spark.oss-cn-shanghai.aliyuncs.com/images/2020/09/08/aa248be0-f1c3-11ea-9c29-93260fe96a0e.png', 10000, '2020-10-29 10:32:41'),
	(68, 100, 'https://examine-spark.oss-cn-shanghai.aliyuncs.com/images/2020/09/08/8ad837f0-f1d7-11ea-ae68-d14c999893b2.png', 10000, '2020-10-29 10:32:41'),
	(69, 100, 'https://examine-spark.oss-cn-shanghai.aliyuncs.com/images/2020/09/08/8d997ad0-f1d7-11ea-ae68-d14c999893b2.png', 10000, '2020-10-29 10:32:41'),
	(70, 100, 'https://examine-spark.oss-cn-shanghai.aliyuncs.com/images/2020/09/08/8fdb7b90-f1d7-11ea-ae68-d14c999893b2.png', 10000, '2020-10-29 10:32:41'),
	(71, 105, 'https://examine-spark.oss-cn-shanghai.aliyuncs.com/images/2020/09/14/cce16330-f649-11ea-b7cf-896391a71e7f.png', 10000, '2020-10-29 10:32:41'),
	(72, 105, 'https://examine-spark.oss-cn-shanghai.aliyuncs.com/images/2020/09/14/d2ca9a00-f649-11ea-b7cf-896391a71e7f.png', 10000, '2020-10-29 10:32:41'),
	(73, 105, 'https://examine-spark.oss-cn-shanghai.aliyuncs.com/images/2020/09/14/d7fc40a0-f649-11ea-b7cf-896391a71e7f.png', 10000, '2020-10-29 10:32:41'),
	(74, 106, 'https://examine-spark.oss-cn-shanghai.aliyuncs.com/images/2020/10/20/6d1947a0-12a1-11eb-8ad0-ed5f0c963e63.png', 10000, '2020-10-29 10:32:41'),
	(75, 106, 'https://examine-spark.oss-cn-shanghai.aliyuncs.com/images/2020/10/20/6f9ae970-12a1-11eb-8ad0-ed5f0c963e63.png', 10000, '2020-10-29 10:32:41'),
	(76, 112, 'https://examine-spark.oss-cn-shanghai.aliyuncs.com/images/2020/09/18/5502fa10-f980-11ea-8a76-6d79312886cf.png', 10000, '2020-10-29 10:32:41'),
	(77, 112, 'https://examine-spark.oss-cn-shanghai.aliyuncs.com/images/2020/09/18/56013030-f980-11ea-8a76-6d79312886cf.png', 10000, '2020-10-29 10:32:42'),
	(78, 115, 'https://examine-spark.oss-cn-shanghai.aliyuncs.com/images/2020/10/09/a7a0cf90-0a1f-11eb-8800-6dcca473536c.png', 10000, '2020-10-29 10:32:42'),
	(79, 116, 'https://examine-spark.oss-cn-shanghai.aliyuncs.com/images/2020/09/28/3b8480c0-016b-11eb-9a88-934c2c1ea83a.png', 10000, '2020-10-29 10:32:42'),
	(80, 116, 'https://examine-spark.oss-cn-shanghai.aliyuncs.com/images/2020/09/28/413f0670-016b-11eb-9a88-934c2c1ea83a.png', 10000, '2020-10-29 10:32:42'),
	(81, 116, 'https://examine-spark.oss-cn-shanghai.aliyuncs.com/images/2020/09/28/492b8750-016b-11eb-9a88-934c2c1ea83a.png', 10000, '2020-10-29 10:32:42'),
	(82, 126, 'https://examine-spark.oss-cn-shanghai.aliyuncs.com/images/2020/10/16/c4c777c0-0fc6-11eb-9676-6de1389aeef0.png', 10000, '2020-10-29 10:32:42'),
	(83, 126, 'https://examine-spark.oss-cn-shanghai.aliyuncs.com/images/2020/10/16/c4c2bcd0-0fc6-11eb-9676-6de1389aeef0.png', 10000, '2020-10-29 10:32:42'),
	(84, 126, 'https://examine-spark.oss-cn-shanghai.aliyuncs.com/images/2020/10/16/c4e6bf90-0fc6-11eb-9676-6de1389aeef0.png', 10000, '2020-10-29 10:32:42'),
	(85, 128, 'https://examine-spark.oss-cn-shanghai.aliyuncs.com/images/2020/09/27/03c681d0-0065-11eb-a0f1-7fdee39184f3.png', 10000, '2020-10-29 10:32:42'),
	(86, 128, 'https://examine-spark.oss-cn-shanghai.aliyuncs.com/images/2020/09/27/03fab130-0065-11eb-a0f1-7fdee39184f3.png', 10000, '2020-10-29 10:32:42'),
	(87, 128, 'https://examine-spark.oss-cn-shanghai.aliyuncs.com/images/2020/09/27/0401dd20-0065-11eb-a0f1-7fdee39184f3.png', 10000, '2020-10-29 10:32:42'),
	(88, 132, 'https://examine-spark.oss-cn-shanghai.aliyuncs.com/images/2020/09/14/4e775a70-f69b-11ea-af1e-07b55f2cf4ef.png', 10000, '2020-10-29 10:32:43'),
	(89, 132, 'https://examine-spark.oss-cn-shanghai.aliyuncs.com/images/2020/09/14/8dd064f0-f69b-11ea-af1e-07b55f2cf4ef.png', 10000, '2020-10-29 10:32:43'),
	(90, 132, 'https://examine-spark.oss-cn-shanghai.aliyuncs.com/images/2020/09/14/8dae5e00-f69b-11ea-af1e-07b55f2cf4ef.png', 10000, '2020-10-29 10:32:43'),
	(91, 136, 'https://examine-spark.oss-cn-shanghai.aliyuncs.com/images/2020/09/20/2acc6c20-fb35-11ea-a70c-6b9c9de62a69.png', 10000, '2020-10-29 10:32:43'),
	(92, 136, 'https://examine-spark.oss-cn-shanghai.aliyuncs.com/images/2020/09/20/2bcfd260-fb35-11ea-a70c-6b9c9de62a69.png', 10000, '2020-10-29 10:32:43'),
	(93, 140, 'https://examine-spark.oss-cn-shanghai.aliyuncs.com/images/2020/10/01/53deea30-03f9-11eb-9af6-a56dded7a25a.png', 10000, '2020-10-29 10:32:43'),
	(94, 142, 'https://examine-spark.oss-cn-shanghai.aliyuncs.com/images/2020/09/26/1ddf1670-0008-11eb-82a7-dd0a64740d3b.png', 10000, '2020-10-29 10:32:43'),
	(95, 142, 'https://examine-spark.oss-cn-shanghai.aliyuncs.com/images/2020/09/26/1e056320-0008-11eb-82a7-dd0a64740d3b.png', 10000, '2020-10-29 10:32:43'),
	(96, 144, 'https://examine-spark.oss-cn-shanghai.aliyuncs.com/images/2020/10/09/cd4d2d00-0a84-11eb-9bb4-c1e398b34f2d.png', 10000, '2020-10-29 10:32:43'),
	(97, 144, 'https://examine-spark.oss-cn-shanghai.aliyuncs.com/images/2020/10/09/d39c5190-0a84-11eb-9bb4-c1e398b34f2d.png', 10000, '2020-10-29 10:32:43'),
	(98, 144, 'https://examine-spark.oss-cn-shanghai.aliyuncs.com/images/2020/10/09/d9b37630-0a84-11eb-9bb4-c1e398b34f2d.png', 10000, '2020-10-29 10:32:43'),
	(99, 144, 'https://examine-spark.oss-cn-shanghai.aliyuncs.com/images/2020/10/09/de1aef00-0a84-11eb-9bb4-c1e398b34f2d.png', 10000, '2020-10-29 10:32:43'),
	(100, 144, 'https://examine-spark.oss-cn-shanghai.aliyuncs.com/images/2020/10/09/e1359c80-0a84-11eb-9bb4-c1e398b34f2d.png', 10000, '2020-10-29 10:32:43'),
	(101, 145, 'https://examine-spark.oss-cn-shanghai.aliyuncs.com/images/2020/10/10/90509fc0-0aea-11eb-b81b-f5245cee26d2.png', 10000, '2020-10-29 10:32:44'),
	(102, 145, 'https://examine-spark.oss-cn-shanghai.aliyuncs.com/images/2020/10/10/906d2870-0aea-11eb-b81b-f5245cee26d2.png', 10000, '2020-10-29 10:32:44'),
	(103, 146, 'https://examine-spark.oss-cn-shanghai.aliyuncs.com/images/2020/09/23/7a0cdb70-fd52-11ea-b350-e5aa3a2404ce.png', 10000, '2020-10-29 10:32:44'),
	(104, 146, 'https://examine-spark.oss-cn-shanghai.aliyuncs.com/images/2020/09/23/7a2852b0-fd52-11ea-b350-e5aa3a2404ce.png', 10000, '2020-10-29 10:32:44'),
	(105, 154, 'https://examine-spark.oss-cn-shanghai.aliyuncs.com/images/2020/09/18/1856f710-f994-11ea-abff-eb79e1384db7.png', 10000, '2020-10-29 10:32:44'),
	(106, 154, 'https://examine-spark.oss-cn-shanghai.aliyuncs.com/images/2020/09/18/1b7eeb00-f994-11ea-abff-eb79e1384db7.png', 10000, '2020-10-29 10:32:44'),
	(107, 155, 'https://examine-spark.oss-cn-shanghai.aliyuncs.com/images/2020/09/20/ffb6e5e0-fae6-11ea-9837-89877bec4d2e.png', 10000, '2020-10-29 10:32:44'),
	(108, 155, 'https://examine-spark.oss-cn-shanghai.aliyuncs.com/images/2020/09/20/ffd56a60-fae6-11ea-9837-89877bec4d2e.png', 10000, '2020-10-29 10:32:44'),
	(109, 157, 'https://examine-spark.oss-cn-shanghai.aliyuncs.com/images/2020/10/19/6271f6f0-11b9-11eb-b6d3-b933b28bf131.png', 10000, '2020-10-29 10:32:44'),
	(110, 157, 'https://examine-spark.oss-cn-shanghai.aliyuncs.com/images/2020/10/19/627467f0-11b9-11eb-b6d3-b933b28bf131.png', 10000, '2020-10-29 10:32:44'),
	(111, 160, 'https://examine-spark.oss-cn-shanghai.aliyuncs.com/images/2020/09/25/c5818310-ff2a-11ea-8ab4-6f2ab84685a2.png', 10000, '2020-10-29 10:32:44'),
	(112, 160, 'https://examine-spark.oss-cn-shanghai.aliyuncs.com/images/2020/09/25/c6b9dc00-ff2a-11ea-8ab4-6f2ab84685a2.png', 10000, '2020-10-29 10:32:44'),
	(113, 163, 'https://examine-spark.oss-cn-shanghai.aliyuncs.com/images/2020/09/27/b9f2b330-00a0-11eb-bb30-ebae19136765.png', 10000, '2020-10-29 10:32:45'),
	(114, 163, 'https://examine-spark.oss-cn-shanghai.aliyuncs.com/images/2020/09/27/bfb57640-00a0-11eb-bb30-ebae19136765.png', 10000, '2020-10-29 10:32:45'),
	(115, 164, 'https://examine-spark.oss-cn-shanghai.aliyuncs.com/images/2020/10/21/eeb483e0-1393-11eb-bf5e-5fe58fc9c211.png', 10000, '2020-10-29 10:32:45'),
	(116, 169, 'https://examine-spark.oss-cn-shanghai.aliyuncs.com/images/2020/10/22/50019eb0-14bd-11eb-8dde-ef398516c248.png', 10000, '2020-10-29 10:32:45'),
	(117, 169, 'https://examine-spark.oss-cn-shanghai.aliyuncs.com/images/2020/10/22/507a7830-14bd-11eb-8dde-ef398516c248.png', 10000, '2020-10-29 10:32:45'),
	(118, 173, 'https://examine-spark.oss-cn-shanghai.aliyuncs.com/images/2020/09/30/012f44e0-02c5-11eb-b4d6-b1b2015324ea.png', 10000, '2020-10-29 10:32:45'),
	(119, 173, 'https://examine-spark.oss-cn-shanghai.aliyuncs.com/images/2020/09/30/014da250-02c5-11eb-b4d6-b1b2015324ea.png', 10000, '2020-10-29 10:32:45'),
	(120, 173, 'https://examine-spark.oss-cn-shanghai.aliyuncs.com/images/2020/09/30/017638f0-02c5-11eb-b4d6-b1b2015324ea.png', 10000, '2020-10-29 10:32:45'),
	(121, 173, 'https://examine-spark.oss-cn-shanghai.aliyuncs.com/images/2020/09/30/01a5fb80-02c5-11eb-b4d6-b1b2015324ea.png', 10000, '2020-10-29 10:32:45'),
	(122, 174, 'https://examine-spark.oss-cn-shanghai.aliyuncs.com/images/2020/10/22/2f75a070-1471-11eb-835e-b592f92c9dbf.png', 10000, '2020-10-29 10:32:45'),
	(123, 180, 'https://examine-spark.oss-cn-shanghai.aliyuncs.com/images/2020/09/11/06cc7000-f44a-11ea-b360-8124d2fc1d06.png', 10000, '2020-10-29 10:32:46'),
	(124, 193, 'https://examine-spark.oss-cn-shanghai.aliyuncs.com/images/2020/09/13/cf424c90-f557-11ea-806b-edd5ab484cb0.png', 10000, '2020-10-29 10:32:46'),
	(125, 193, 'https://examine-spark.oss-cn-shanghai.aliyuncs.com/images/2020/09/13/d1a0d600-f557-11ea-806b-edd5ab484cb0.png', 10000, '2020-10-29 10:32:46'),
	(126, 193, 'https://examine-spark.oss-cn-shanghai.aliyuncs.com/images/2020/09/13/d367da60-f557-11ea-806b-edd5ab484cb0.png', 10000, '2020-10-29 10:32:46'),
	(127, 193, 'https://examine-spark.oss-cn-shanghai.aliyuncs.com/images/2020/09/13/d7e80b50-f557-11ea-806b-edd5ab484cb0.png', 10000, '2020-10-29 10:32:46'),
	(128, 193, 'https://examine-spark.oss-cn-shanghai.aliyuncs.com/images/2020/09/13/dca8eec0-f557-11ea-806b-edd5ab484cb0.png', 10000, '2020-10-29 10:32:46'),
	(129, 194, 'https://examine-spark.oss-cn-shanghai.aliyuncs.com/images/2020/09/21/d0dffd70-fbee-11ea-8f32-83142ff3f0a3.png', 10000, '2020-10-29 10:32:46'),
	(130, 194, 'https://examine-spark.oss-cn-shanghai.aliyuncs.com/images/2020/09/21/d3641040-fbee-11ea-8f32-83142ff3f0a3.png', 10000, '2020-10-29 10:32:46'),
	(131, 194, 'https://examine-spark.oss-cn-shanghai.aliyuncs.com/images/2020/09/21/d6d234f0-fbee-11ea-8f32-83142ff3f0a3.png', 10000, '2020-10-29 10:32:46'),
	(132, 194, 'https://examine-spark.oss-cn-shanghai.aliyuncs.com/images/2020/09/21/d959ca30-fbee-11ea-8f32-83142ff3f0a3.png', 10000, '2020-10-29 10:32:46'),
	(133, 195, 'https://examine-spark.oss-cn-shanghai.aliyuncs.com/images/2020/09/27/4aae5bd0-0070-11eb-9e78-b1093d349938.png', 10000, '2020-10-29 10:32:46'),
	(134, 195, 'https://examine-spark.oss-cn-shanghai.aliyuncs.com/images/2020/09/27/510ebe70-0070-11eb-9e78-b1093d349938.png', 10000, '2020-10-29 10:32:47'),
	(135, 202, 'https://examine-spark.oss-cn-shanghai.aliyuncs.com/images/2020/10/14/42eb5610-0dd0-11eb-abca-ab5bacbb801e.png', 10000, '2020-10-29 10:32:47'),
	(136, 202, 'https://examine-spark.oss-cn-shanghai.aliyuncs.com/images/2020/10/14/4328ad30-0dd0-11eb-abca-ab5bacbb801e.png', 10000, '2020-10-29 10:32:47'),
	(137, 202, 'https://examine-spark.oss-cn-shanghai.aliyuncs.com/images/2020/10/14/430a01a0-0dd0-11eb-abca-ab5bacbb801e.png', 10000, '2020-10-29 10:32:47'),
	(138, 203, 'https://examine-spark.oss-cn-shanghai.aliyuncs.com/images/2020/10/08/27979da0-0930-11eb-86f4-199a9d5c470e.png', 10000, '2020-10-29 10:32:47'),
	(139, 205, 'https://examine-spark.oss-cn-shanghai.aliyuncs.com/images/2020/10/05/5772a260-06e5-11eb-8c1f-d9b91156e5ef.png', 10000, '2020-10-29 10:32:47'),
	(140, 205, 'https://examine-spark.oss-cn-shanghai.aliyuncs.com/images/2020/10/05/5d451ce0-06e5-11eb-8c1f-d9b91156e5ef.png', 10000, '2020-10-29 10:32:47'),
	(141, 205, 'https://examine-spark.oss-cn-shanghai.aliyuncs.com/images/2020/10/05/602420f0-06e5-11eb-8c1f-d9b91156e5ef.png', 10000, '2020-10-29 10:32:47'),
	(142, 207, 'https://examine-spark.oss-cn-shanghai.aliyuncs.com/images/2020/09/26/01e7f8b0-ffb3-11ea-b98c-01783628f795.png', 10000, '2020-10-29 10:32:47'),
	(143, 207, 'https://examine-spark.oss-cn-shanghai.aliyuncs.com/images/2020/09/26/06cc42a0-ffb3-11ea-b98c-01783628f795.png', 10000, '2020-10-29 10:32:47'),
	(144, 212, 'https://examine-spark.oss-cn-shanghai.aliyuncs.com/images/2020/09/05/bec41a90-ef4b-11ea-b95b-bdb1632e5dd8.png', 10000, '2020-10-29 10:32:48'),
	(145, 212, 'https://examine-spark.oss-cn-shanghai.aliyuncs.com/images/2020/09/05/bfaf8c00-ef4b-11ea-b95b-bdb1632e5dd8.png', 10000, '2020-10-29 10:32:48'),
	(146, 214, 'https://examine-spark.oss-cn-shanghai.aliyuncs.com/images/2020/09/15/b6696b50-f75e-11ea-a87e-25b3d26dd30f.png', 10000, '2020-10-29 10:32:48'),
	(147, 215, 'https://examine-spark.oss-cn-shanghai.aliyuncs.com/images/2020/09/10/12362810-f34a-11ea-832a-f17f36aaea26.png', 10000, '2020-10-29 10:32:48'),
	(148, 215, 'https://examine-spark.oss-cn-shanghai.aliyuncs.com/images/2020/09/10/178c94c0-f34a-11ea-832a-f17f36aaea26.png', 10000, '2020-10-29 10:32:48'),
	(149, 217, 'https://examine-spark.oss-cn-shanghai.aliyuncs.com/images/2020/09/15/f23c8ac0-f75b-11ea-ac21-fd804d8cef84.png', 10000, '2020-10-29 10:32:48'),
	(150, 217, 'https://examine-spark.oss-cn-shanghai.aliyuncs.com/images/2020/09/15/f26bff30-f75b-11ea-ac21-fd804d8cef84.png', 10000, '2020-10-29 10:32:48'),
	(151, 217, 'https://examine-spark.oss-cn-shanghai.aliyuncs.com/images/2020/09/15/f2a02e90-f75b-11ea-ac21-fd804d8cef84.png', 10000, '2020-10-29 10:32:48'),
	(152, 217, 'https://examine-spark.oss-cn-shanghai.aliyuncs.com/images/2020/09/15/f2db3bc0-f75b-11ea-ac21-fd804d8cef84.png', 10000, '2020-10-29 10:32:48'),
	(153, 217, 'https://examine-spark.oss-cn-shanghai.aliyuncs.com/images/2020/09/15/f3633070-f75b-11ea-ac21-fd804d8cef84.png', 10000, '2020-10-29 10:32:48'),
	(154, 218, 'https://examine-spark.oss-cn-shanghai.aliyuncs.com/images/2020/09/25/25e325c0-ff3e-11ea-8e50-05bdd3fcef0b.png', 10000, '2020-10-29 10:32:48'),
	(155, 218, 'https://examine-spark.oss-cn-shanghai.aliyuncs.com/images/2020/09/25/31b67dc0-ff3e-11ea-8e50-05bdd3fcef0b.png', 10000, '2020-10-29 10:32:48'),
	(156, 223, 'https://examine-spark.oss-cn-shanghai.aliyuncs.com/images/2020/09/17/485a0270-f897-11ea-ae54-f9a537591ca9.png', 10000, '2020-10-29 10:32:48'),
	(157, 223, 'https://examine-spark.oss-cn-shanghai.aliyuncs.com/images/2020/09/17/4c2dc6c0-f897-11ea-ae54-f9a537591ca9.png', 10000, '2020-10-29 10:32:48'),
	(158, 226, 'https://examine-spark.oss-cn-shanghai.aliyuncs.com/images/2020/09/07/42f38ba0-f101-11ea-a266-d1116583a565.png', 10000, '2020-10-29 10:32:49'),
	(159, 229, 'https://examine-spark.oss-cn-shanghai.aliyuncs.com/images/2020/09/08/8ec415c0-f1a3-11ea-bdc7-6342dba2a5ed.png', 10000, '2020-10-29 10:32:49'),
	(160, 229, 'https://examine-spark.oss-cn-shanghai.aliyuncs.com/images/2020/09/08/9450fbc0-f1a3-11ea-bdc7-6342dba2a5ed.png', 10000, '2020-10-29 10:32:49'),
	(161, 229, 'https://examine-spark.oss-cn-shanghai.aliyuncs.com/images/2020/09/08/9be52370-f1a3-11ea-bdc7-6342dba2a5ed.png', 10000, '2020-10-29 10:32:49'),
	(162, 237, 'https://examine-spark.oss-cn-shanghai.aliyuncs.com/images/2020/10/09/41cf9cd0-0a62-11eb-ba90-7365d217280d.png', 10000, '2020-10-29 10:32:49'),
	(163, 237, 'https://examine-spark.oss-cn-shanghai.aliyuncs.com/images/2020/10/09/41de42d0-0a62-11eb-ba90-7365d217280d.png', 10000, '2020-10-29 10:32:49'),
	(164, 237, 'https://examine-spark.oss-cn-shanghai.aliyuncs.com/images/2020/10/09/42046870-0a62-11eb-ba90-7365d217280d.png', 10000, '2020-10-29 10:32:49'),
	(165, 259, 'https://examine-spark.oss-cn-shanghai.aliyuncs.com/images/2020/09/18/21258370-f9a8-11ea-af05-7fb590ba7e08.png', 10000, '2020-10-29 10:32:50'),
	(166, 259, 'https://examine-spark.oss-cn-shanghai.aliyuncs.com/images/2020/09/18/260f2490-f9a8-11ea-af05-7fb590ba7e08.png', 10000, '2020-10-29 10:32:50'),
	(167, 259, 'https://examine-spark.oss-cn-shanghai.aliyuncs.com/images/2020/09/18/2a06eba0-f9a8-11ea-af05-7fb590ba7e08.png', 10000, '2020-10-29 10:32:50'),
	(168, 260, 'https://examine-spark.oss-cn-shanghai.aliyuncs.com/images/2020/10/12/605aee80-0c6e-11eb-945e-35b98d284b93.png', 10000, '2020-10-29 10:32:50'),
	(169, 260, 'https://examine-spark.oss-cn-shanghai.aliyuncs.com/images/2020/10/12/60818950-0c6e-11eb-945e-35b98d284b93.png', 10000, '2020-10-29 10:32:50'),
	(170, 260, 'https://examine-spark.oss-cn-shanghai.aliyuncs.com/images/2020/10/12/609363a0-0c6e-11eb-945e-35b98d284b93.png', 10000, '2020-10-29 10:32:50'),
	(171, 260, 'https://examine-spark.oss-cn-shanghai.aliyuncs.com/images/2020/10/12/608c37b0-0c6e-11eb-945e-35b98d284b93.png', 10000, '2020-10-29 10:32:50'),
	(172, 260, 'https://examine-spark.oss-cn-shanghai.aliyuncs.com/images/2020/10/12/609a6880-0c6e-11eb-945e-35b98d284b93.png', 10000, '2020-10-29 10:32:50'),
	(173, 265, 'https://examine-spark.oss-cn-shanghai.aliyuncs.com/images/2020/10/25/2356ceb0-166d-11eb-a815-b9186224f79a.png', 10000, '2020-10-29 10:32:50'),
	(174, 266, 'https://examine-spark.oss-cn-shanghai.aliyuncs.com/images/2020/10/09/56491970-09f9-11eb-a2ff-494e908702ee.png', 10000, '2020-10-29 10:32:50'),
	(175, 266, 'https://examine-spark.oss-cn-shanghai.aliyuncs.com/images/2020/10/09/564b6360-09f9-11eb-a2ff-494e908702ee.png', 10000, '2020-10-29 10:32:50'),
	(176, 268, 'https://examine-spark.oss-cn-shanghai.aliyuncs.com/images/2020/10/24/112afb60-1601-11eb-a7c0-69b548b51249.png', 10000, '2020-10-29 10:32:50'),
	(177, 268, 'https://examine-spark.oss-cn-shanghai.aliyuncs.com/images/2020/10/24/1b089de0-1601-11eb-a7c0-69b548b51249.png', 10000, '2020-10-29 10:32:51'),
	(178, 274, 'https://examine-spark.oss-cn-shanghai.aliyuncs.com/images/2020/10/11/676bc990-0bb7-11eb-97bb-077cbe5cde25.png', 10000, '2020-10-29 10:32:51'),
	(179, 274, 'https://examine-spark.oss-cn-shanghai.aliyuncs.com/images/2020/10/11/6e64e9c0-0bb7-11eb-97bb-077cbe5cde25.png', 10000, '2020-10-29 10:32:51'),
	(180, 280, 'https://examine-spark.oss-cn-shanghai.aliyuncs.com/images/2020/10/24/0a94af90-159c-11eb-b57a-2596064cdd9a.png', 10000, '2020-10-29 10:32:51'),
	(181, 280, 'https://examine-spark.oss-cn-shanghai.aliyuncs.com/images/2020/10/24/0a996a80-159c-11eb-b57a-2596064cdd9a.png', 10000, '2020-10-29 10:32:51'),
	(182, 280, 'https://examine-spark.oss-cn-shanghai.aliyuncs.com/images/2020/10/24/0a9f0fd0-159c-11eb-b57a-2596064cdd9a.png', 10000, '2020-10-29 10:32:51'),
	(183, 281, 'https://examine-spark.oss-cn-shanghai.aliyuncs.com/images/2020/10/09/f3fb0e40-0a20-11eb-8800-6dcca473536c.png', 10000, '2020-10-29 10:32:51'),
	(184, 282, 'https://examine-spark.oss-cn-shanghai.aliyuncs.com/images/2020/10/01/d9acf330-0405-11eb-89d9-e1f655fb75bc.png', 10000, '2020-10-29 10:32:51'),
	(185, 282, 'https://examine-spark.oss-cn-shanghai.aliyuncs.com/images/2020/10/01/d91f3220-0405-11eb-89d9-e1f655fb75bc.png', 10000, '2020-10-29 10:32:51'),
	(186, 282, 'https://examine-spark.oss-cn-shanghai.aliyuncs.com/images/2020/10/01/d96785c0-0405-11eb-89d9-e1f655fb75bc.png', 10000, '2020-10-29 10:32:51'),
	(187, 282, 'https://examine-spark.oss-cn-shanghai.aliyuncs.com/images/2020/10/01/da874da0-0405-11eb-89d9-e1f655fb75bc.png', 10000, '2020-10-29 10:32:51'),
	(188, 290, 'https://examine-spark.oss-cn-shanghai.aliyuncs.com/images/2020/09/18/808fd600-f988-11ea-9433-5f813e49cebb.png', 10000, '2020-10-29 10:32:52'),
	(189, 290, 'https://examine-spark.oss-cn-shanghai.aliyuncs.com/images/2020/09/18/80926e10-f988-11ea-9433-5f813e49cebb.png', 10000, '2020-10-29 10:32:52'),
	(190, 292, 'https://examine-spark.oss-cn-shanghai.aliyuncs.com/images/2020/10/27/5db13fd0-1836-11eb-a8b0-8f0ee8d43c41.png', 10000, '2020-10-29 10:32:52'),
	(191, 292, 'https://examine-spark.oss-cn-shanghai.aliyuncs.com/images/2020/10/27/5dd3e300-1836-11eb-a8b0-8f0ee8d43c41.png', 10000, '2020-10-29 10:32:52'),
	(192, 294, 'https://examine-spark.oss-cn-shanghai.aliyuncs.com/images/2020/10/03/d0a8d690-055f-11eb-9cad-b3640a7d923a.png', 10000, '2020-10-29 10:32:52'),
	(193, 294, 'https://examine-spark.oss-cn-shanghai.aliyuncs.com/images/2020/10/03/d315b7e0-055f-11eb-9cad-b3640a7d923a.png', 10000, '2020-10-29 10:32:52'),
	(194, 294, 'https://examine-spark.oss-cn-shanghai.aliyuncs.com/images/2020/10/03/d643ed60-055f-11eb-9cad-b3640a7d923a.png', 10000, '2020-10-29 10:32:52'),
	(195, 294, 'https://examine-spark.oss-cn-shanghai.aliyuncs.com/images/2020/10/03/d8bdc700-055f-11eb-9cad-b3640a7d923a.png', 10000, '2020-10-29 10:32:52'),
	(196, 295, 'https://examine-spark.oss-cn-shanghai.aliyuncs.com/images/2020/09/16/36dc2300-f7d6-11ea-92e2-f908c3a7711e.png', 10000, '2020-10-29 10:32:52'),
	(197, 296, 'https://examine-spark.oss-cn-shanghai.aliyuncs.com/images/2020/10/15/0430e100-0e8a-11eb-b3d8-a102d3bf7b54.png', 10000, '2020-10-29 10:32:52'),
	(198, 296, 'https://examine-spark.oss-cn-shanghai.aliyuncs.com/images/2020/10/15/069c14a0-0e8a-11eb-b3d8-a102d3bf7b54.png', 10000, '2020-10-29 10:32:52'),
	(199, 296, 'https://examine-spark.oss-cn-shanghai.aliyuncs.com/images/2020/10/15/0856bcf0-0e8a-11eb-b3d8-a102d3bf7b54.png', 10000, '2020-10-29 10:32:52'),
	(200, 296, 'https://examine-spark.oss-cn-shanghai.aliyuncs.com/images/2020/10/15/0a629280-0e8a-11eb-b3d8-a102d3bf7b54.png', 10000, '2020-10-29 10:32:52'),
	(201, 297, 'https://examine-spark.oss-cn-shanghai.aliyuncs.com/images/2020/10/02/619357a0-0490-11eb-842a-5bd88226e41b.png', 10000, '2020-10-29 10:32:52'),
	(202, 297, 'https://examine-spark.oss-cn-shanghai.aliyuncs.com/images/2020/10/02/df9d6cd0-0490-11eb-842a-5bd88226e41b.png', 10000, '2020-10-29 10:32:52'),
	(203, 297, 'https://examine-spark.oss-cn-shanghai.aliyuncs.com/images/2020/10/02/f0243ac0-0490-11eb-842a-5bd88226e41b.png', 10000, '2020-10-29 10:32:52'),
	(204, 299, 'https://examine-spark.oss-cn-shanghai.aliyuncs.com/images/2020/10/19/2ba68880-122b-11eb-83a1-4deaa0b4a750.png', 10000, '2020-10-29 10:32:52'),
	(205, 299, 'https://examine-spark.oss-cn-shanghai.aliyuncs.com/images/2020/10/19/2bc708d0-122b-11eb-83a1-4deaa0b4a750.png', 10000, '2020-10-29 10:32:52'),
	(206, 299, 'https://examine-spark.oss-cn-shanghai.aliyuncs.com/images/2020/10/19/2bcb4e90-122b-11eb-83a1-4deaa0b4a750.png', 10000, '2020-10-29 10:32:52'),
	(207, 300, 'https://examine-spark.oss-cn-shanghai.aliyuncs.com/images/2020/10/12/56525850-0c56-11eb-a752-59ae474ef158.png', 10000, '2020-10-29 10:32:52'),
	(208, 300, 'https://examine-spark.oss-cn-shanghai.aliyuncs.com/images/2020/10/12/583485d0-0c56-11eb-a752-59ae474ef158.png', 10000, '2020-10-29 10:32:52'),
	(209, 300, 'https://examine-spark.oss-cn-shanghai.aliyuncs.com/images/2020/10/12/59c781e0-0c56-11eb-a752-59ae474ef158.png', 10000, '2020-10-29 10:32:52'),
	(210, 300, 'https://examine-spark.oss-cn-shanghai.aliyuncs.com/images/2020/10/12/5c1edf60-0c56-11eb-a752-59ae474ef158.png', 10000, '2020-10-29 10:32:53'),
	(211, 301, 'https://examine-spark.oss-cn-shanghai.aliyuncs.com/images/2020/10/11/c6f7da80-0bcf-11eb-9d67-bb55468f9608.png', 10000, '2020-10-29 10:32:53'),
	(212, 301, 'https://examine-spark.oss-cn-shanghai.aliyuncs.com/images/2020/10/11/ca71bf00-0bcf-11eb-9d67-bb55468f9608.png', 10000, '2020-10-29 10:32:53'),
	(213, 304, 'https://examine-spark.oss-cn-shanghai.aliyuncs.com/images/2020/09/27/23654ba0-008a-11eb-94b1-c71c459d6a5d.png', 10000, '2020-10-29 10:32:53'),
	(214, 304, 'https://examine-spark.oss-cn-shanghai.aliyuncs.com/images/2020/09/27/237ec710-008a-11eb-94b1-c71c459d6a5d.png', 10000, '2020-10-29 10:32:53'),
	(215, 305, 'https://examine-spark.oss-cn-shanghai.aliyuncs.com/images/2020/09/11/531a9f60-f40c-11ea-a420-810a61be25e7.png', 10000, '2020-10-29 10:32:53'),
	(216, 305, 'https://examine-spark.oss-cn-shanghai.aliyuncs.com/images/2020/09/11/575fea30-f40c-11ea-a420-810a61be25e7.png', 10000, '2020-10-29 10:32:53'),
	(217, 306, 'https://examine-spark.oss-cn-shanghai.aliyuncs.com/images/2020/10/13/c7087270-0d26-11eb-bc8d-07187a0c650c.png', 10000, '2020-10-29 10:32:53'),
	(218, 306, 'https://examine-spark.oss-cn-shanghai.aliyuncs.com/images/2020/10/13/ccac3bd0-0d26-11eb-bc8d-07187a0c650c.png', 10000, '2020-10-29 10:32:53'),
	(219, 307, 'https://examine-spark.oss-cn-shanghai.aliyuncs.com/images/2020/10/07/25c31ea0-08d6-11eb-9fc2-b32349fa2849.png', 10000, '2020-10-29 10:32:53'),
	(220, 307, 'https://examine-spark.oss-cn-shanghai.aliyuncs.com/images/2020/10/07/2966ab30-08d6-11eb-9fc2-b32349fa2849.png', 10000, '2020-10-29 10:32:53'),
	(221, 307, 'https://examine-spark.oss-cn-shanghai.aliyuncs.com/images/2020/10/07/344b8480-08d6-11eb-9fc2-b32349fa2849.png', 10000, '2020-10-29 10:32:53'),
	(222, 307, 'https://examine-spark.oss-cn-shanghai.aliyuncs.com/images/2020/10/07/764db600-08d6-11eb-9fc2-b32349fa2849.png', 10000, '2020-10-29 10:32:53'),
	(223, 307, 'https://examine-spark.oss-cn-shanghai.aliyuncs.com/images/2020/10/07/7f868d00-08d6-11eb-9fc2-b32349fa2849.png', 10000, '2020-10-29 10:32:53'),
	(224, 310, 'https://examine-spark.oss-cn-shanghai.aliyuncs.com/images/2020/10/09/ba344e10-0a7a-11eb-817c-892015e12177.png', 10000, '2020-10-29 10:32:53'),
	(225, 310, 'https://examine-spark.oss-cn-shanghai.aliyuncs.com/images/2020/10/09/ba36e620-0a7a-11eb-817c-892015e12177.png', 10000, '2020-10-29 10:32:53'),
	(226, 313, 'https://examine-spark.oss-cn-shanghai.aliyuncs.com/images/2020/09/20/937b24b0-fae4-11ea-95bd-750649f43a9d.png', 10000, '2020-10-29 10:32:53'),
	(227, 313, 'https://examine-spark.oss-cn-shanghai.aliyuncs.com/images/2020/09/20/b2a35ec0-fae4-11ea-95bd-750649f43a9d.png', 10000, '2020-10-29 10:32:53'),
	(228, 320, 'https://examine-spark.oss-cn-shanghai.aliyuncs.com/images/2020/09/11/510e9100-f433-11ea-9596-0bd512a72973.png', 10000, '2020-10-29 10:32:54'),
	(229, 321, 'https://examine-spark.oss-cn-shanghai.aliyuncs.com/images/2020/10/09/5c7b4580-0a0c-11eb-a3b4-0988e427f95a.png', 10000, '2020-10-29 10:32:54'),
	(230, 321, 'https://examine-spark.oss-cn-shanghai.aliyuncs.com/images/2020/10/09/6077ee90-0a0c-11eb-a3b4-0988e427f95a.png', 10000, '2020-10-29 10:32:54');
/*!40000 ALTER TABLE `spark_screenshot` ENABLE KEYS */;

/*!40101 SET SQL_MODE=IFNULL(@OLD_SQL_MODE, '') */;
/*!40014 SET FOREIGN_KEY_CHECKS=IF(@OLD_FOREIGN_KEY_CHECKS IS NULL, 1, @OLD_FOREIGN_KEY_CHECKS) */;
/*!40101 SET CHARACTER_SET_CLIENT=@OLD_CHARACTER_SET_CLIENT */;
